3.919 ,0 ,31.4 ,0 ,1.142 ,0 ,0 ,0 ,0 ,0 ,0 ,0 ,0 ,RB
4.17 ,0 ,30.8 ,1 ,1.144 ,0 ,0 ,1 ,0 ,0 ,0 ,0 ,0 ,RB
3.932 ,0 ,26.7 ,0 ,1.152 ,0 ,0 ,0 ,0 ,0 ,0 ,0 ,0 ,RB
3 ,0 ,20 ,0 ,1.167 ,0 ,0 ,0 ,0 ,0 ,0 ,0 ,0 ,RB
4.236 ,0 ,29.4 ,2 ,1.147 ,0 ,0 ,0 ,0 ,0 ,0 ,0 ,0 ,RB
4.236 ,0 ,28.6 ,1 ,1.149 ,0 ,0 ,0 ,0 ,0 ,0 ,0 ,0 ,RB
5 ,0 ,11.1 ,0 ,1.153 ,0 ,0 ,0 ,0 ,0 ,0 ,0 ,0 ,RB
4.525 ,0 ,31.6 ,5 ,1.142 ,0 ,0 ,0 ,0 ,0 ,0 ,0 ,0 ,RB
4.91 ,0 ,52.9 ,5 ,1.098 ,0 ,0 ,3 ,0 ,1 ,0 ,0 ,0 ,RB
4.214 ,0 ,30 ,0 ,1.145 ,0 ,0 ,0 ,0 ,0 ,0 ,0 ,0 ,RB
3.879 ,0 ,31 ,0 ,1.143 ,0 ,0 ,0 ,0 ,0 ,0 ,0 ,0 ,RB
3.942 ,0 ,31.6 ,0 ,1.141 ,0 ,0 ,0 ,1 ,0 ,0 ,0 ,0 ,RB
3.966 ,0 ,32 ,0 ,1.138 ,0 ,0 ,0 ,0 ,0 ,0 ,0 ,0 ,RB
4 ,0 ,23.1 ,0 ,1.166 ,0 ,0 ,0 ,0 ,0 ,0 ,1 ,0 ,RB
2 ,0 ,16.7 ,0 ,1.173 ,0 ,0 ,0 ,0 ,0 ,0 ,0 ,0 ,RB
3.732 ,0 ,27.8 ,1 ,1.15 ,0 ,0 ,0 ,0 ,0 ,0 ,0 ,0 ,RB
4 ,0 ,30 ,0 ,1.146 ,0 ,0 ,1 ,0 ,0 ,0 ,0 ,0 ,RB
3.414 ,0 ,20 ,0 ,1.166 ,0 ,0 ,0 ,0 ,0 ,0 ,0 ,0 ,RB
4.17 ,0 ,23.1 ,1 ,1.16 ,0 ,0 ,0 ,0 ,0 ,0 ,0 ,0 ,RB
4.303 ,0 ,25 ,2 ,1.156 ,0 ,0 ,0 ,0 ,0 ,0 ,0 ,0 ,RB
3.414 ,0 ,37.5 ,1 ,1.13 ,0 ,0 ,0 ,0 ,0 ,0 ,0 ,0 ,RB
3.848 ,0 ,27.3 ,1 ,1.151 ,0 ,0 ,0 ,0 ,0 ,0 ,0 ,0 ,RB
3.414 ,0 ,30 ,1 ,1.146 ,0 ,0 ,0 ,0 ,0 ,0 ,0 ,0 ,RB
4.393 ,0 ,37 ,1 ,1.131 ,0 ,0 ,0 ,0 ,0 ,0 ,0 ,0 ,RB
4.562 ,0 ,31.3 ,2 ,1.143 ,0 ,0 ,0 ,0 ,0 ,0 ,0 ,0 ,RB
4.214 ,0 ,28.6 ,1 ,1.149 ,0 ,0 ,0 ,0 ,0 ,0 ,0 ,0 ,RB
4.233 ,0 ,27.8 ,1 ,1.15 ,0 ,0 ,0 ,0 ,0 ,0 ,0 ,0 ,RB
4.334 ,0 ,33.3 ,3 ,1.139 ,0 ,0 ,0 ,0 ,0 ,0 ,0 ,0 ,RB
5.392 ,0 ,30.8 ,13 ,1.144 ,0 ,0 ,0 ,0 ,0 ,0 ,0 ,0 ,RB
4.446 ,0 ,30 ,6 ,1.146 ,0 ,0 ,0 ,0 ,0 ,0 ,0 ,0 ,RB
4.411 ,0 ,31.8 ,8 ,1.142 ,0 ,0 ,0 ,0 ,0 ,0 ,0 ,0 ,RB
4.527 ,0 ,32.5 ,10 ,1.14 ,0 ,0 ,0 ,0 ,0 ,0 ,0 ,0 ,RB
4.562 ,0 ,33.3 ,4 ,1.139 ,0 ,0 ,0 ,0 ,0 ,0 ,0 ,0 ,RB
4.629 ,0 ,33.3 ,5 ,1.139 ,0 ,0 ,0 ,0 ,0 ,0 ,0 ,0 ,RB
4.644 ,0 ,31.6 ,5 ,1.142 ,0 ,0 ,0 ,0 ,0 ,0 ,0 ,0 ,RB
4.646 ,0 ,34.3 ,10 ,1.137 ,0 ,0 ,0 ,0 ,0 ,0 ,0 ,0 ,RB
4.562 ,0 ,25 ,0 ,1.142 ,0 ,0 ,0 ,0 ,0 ,0 ,0 ,0 ,RB
5.206 ,0 ,30.8 ,0 ,1.145 ,0 ,0 ,0 ,0 ,0 ,2 ,1 ,0 ,RB
4.691 ,0 ,25 ,4 ,1.161 ,0 ,0 ,0 ,0 ,0 ,2 ,1 ,0 ,RB
4.17 ,0 ,28.6 ,0 ,1.149 ,0 ,0 ,0 ,0 ,0 ,0 ,0 ,0 ,RB
4.214 ,0 ,33.3 ,2 ,1.148 ,0 ,0 ,0 ,0 ,0 ,1 ,1 ,0 ,RB
5.206 ,0 ,30.6 ,2 ,1.147 ,0 ,0 ,0 ,0 ,0 ,4 ,2 ,0 ,RB
5.175 ,0 ,29.6 ,3 ,1.146 ,0 ,0 ,0 ,0 ,0 ,0 ,0 ,0 ,RB
4.642 ,0 ,42.1 ,2 ,1.12 ,0 ,0 ,1 ,0 ,1 ,0 ,0 ,0 ,RB
4.607 ,0 ,42.1 ,2 ,1.12 ,0 ,0 ,1 ,0 ,1 ,0 ,0 ,0 ,RB
4.543 ,0 ,42.9 ,3 ,1.119 ,0 ,0 ,1 ,0 ,0 ,0 ,0 ,0 ,RB
4.607 ,0 ,46.7 ,4 ,1.111 ,0 ,0 ,1 ,0 ,1 ,0 ,0 ,0 ,RB
4.863 ,0 ,42.1 ,6 ,1.12 ,0 ,0 ,1 ,0 ,2 ,0 ,0 ,0 ,RB
4.923 ,0 ,44.4 ,4 ,1.116 ,0 ,0 ,1 ,0 ,0 ,0 ,0 ,0 ,RB
5.068 ,0 ,41.7 ,10 ,1.121 ,0 ,0 ,1 ,0 ,0 ,0 ,0 ,2 ,RB
4.914 ,0 ,41.7 ,10 ,1.121 ,0 ,0 ,1 ,0 ,0 ,0 ,0 ,2 ,RB
5.047 ,0 ,50 ,12 ,1.104 ,0 ,0 ,3 ,0 ,0 ,0 ,0 ,2 ,RB
4.793 ,0 ,50 ,7 ,1.104 ,0 ,0 ,2 ,0 ,0 ,0 ,0 ,1 ,RB
4.77 ,0 ,43.8 ,6 ,1.117 ,0 ,0 ,1 ,0 ,1 ,0 ,0 ,0 ,RB
5.313 ,0 ,35.3 ,8 ,1.118 ,0 ,0 ,1 ,0 ,2 ,0 ,0 ,0 ,RB
4.77 ,0 ,38.5 ,0 ,1.128 ,0 ,0 ,1 ,0 ,0 ,0 ,0 ,0 ,RB
4.414 ,0 ,31.6 ,2 ,1.142 ,0 ,0 ,1 ,0 ,0 ,0 ,0 ,0 ,RB
4.821 ,0 ,33.3 ,4 ,1.139 ,0 ,0 ,1 ,0 ,0 ,0 ,0 ,0 ,RB
5.331 ,0 ,47.4 ,15 ,1.102 ,0 ,0 ,3 ,0 ,3 ,0 ,0 ,0 ,RB
4.607 ,0 ,47.1 ,2 ,1.11 ,0 ,0 ,1 ,0 ,0 ,0 ,0 ,0 ,RB
5.814 ,0 ,34.5 ,4 ,1.136 ,0 ,0 ,3 ,0 ,0 ,0 ,0 ,0 ,RB
4.732 ,0 ,40 ,1 ,1.125 ,0 ,0 ,1 ,0 ,0 ,0 ,0 ,0 ,RB
4.923 ,0 ,50 ,5 ,1.104 ,0 ,0 ,3 ,0 ,0 ,0 ,0 ,1 ,RB
4.414 ,0 ,29.4 ,1 ,1.147 ,0 ,0 ,1 ,0 ,0 ,0 ,0 ,0 ,RB
4.982 ,0 ,50 ,6 ,1.109 ,0 ,0 ,3 ,0 ,0 ,2 ,1 ,0 ,RB
4.802 ,0 ,50 ,0 ,1.109 ,0 ,0 ,3 ,0 ,0 ,3 ,1 ,0 ,RB
5.164 ,0 ,23.1 ,4 ,1.138 ,0 ,0 ,1 ,0 ,0 ,0 ,0 ,0 ,RB
4.826 ,0 ,25 ,0 ,1.163 ,0 ,0 ,1 ,0 ,0 ,3 ,3 ,0 ,RB
4.829 ,0 ,39.3 ,6 ,1.127 ,0 ,0 ,1 ,0 ,1 ,3 ,1 ,1 ,RB
5.439 ,0 ,23.5 ,12 ,1.155 ,0 ,0 ,2 ,0 ,0 ,4 ,4 ,0 ,RB
4.739 ,0 ,39.1 ,2 ,1.13 ,0 ,0 ,1 ,0 ,0 ,2 ,1 ,0 ,RB
3.975 ,0 ,32.3 ,0 ,1.141 ,0 ,0 ,0 ,0 ,0 ,0 ,0 ,0 ,RB
3 ,0 ,20 ,0 ,1.174 ,0 ,0 ,0 ,0 ,0 ,0 ,1 ,0 ,RB
3.618 ,0 ,25 ,0 ,1.161 ,0 ,0 ,0 ,0 ,0 ,2 ,1 ,0 ,RB
4 ,0 ,25 ,0 ,1.156 ,0 ,0 ,0 ,0 ,0 ,0 ,0 ,0 ,RB
4.444 ,0 ,29.6 ,2 ,1.146 ,0 ,0 ,0 ,0 ,0 ,0 ,0 ,0 ,RB
3.879 ,0 ,29.6 ,1 ,1.146 ,0 ,0 ,0 ,0 ,0 ,0 ,0 ,0 ,RB
3.95 ,0 ,31 ,1 ,1.143 ,0 ,0 ,0 ,0 ,0 ,0 ,0 ,0 ,RB
5.391 ,0 ,26.7 ,12 ,1.139 ,0 ,0 ,0 ,0 ,0 ,0 ,0 ,0 ,RB
3.973 ,0 ,32.7 ,1 ,1.14 ,0 ,0 ,0 ,0 ,0 ,0 ,0 ,0 ,RB
3.414 ,0 ,18.2 ,0 ,1.178 ,0 ,0 ,0 ,0 ,0 ,1 ,1 ,0 ,RB
4.334 ,0 ,26.3 ,2 ,1.153 ,0 ,0 ,0 ,0 ,0 ,0 ,0 ,0 ,RB
3 ,0 ,28.6 ,0 ,1.149 ,0 ,0 ,0 ,0 ,0 ,0 ,0 ,0 ,RB
4.17 ,0 ,30.8 ,2 ,1.144 ,0 ,0 ,0 ,0 ,0 ,0 ,0 ,0 ,RB
4.414 ,0 ,33.3 ,2 ,1.139 ,0 ,0 ,0 ,0 ,0 ,0 ,0 ,0 ,RB
4.236 ,0 ,34.6 ,2 ,1.136 ,0 ,0 ,0 ,0 ,0 ,0 ,0 ,0 ,RB
4.475 ,0 ,32.4 ,6 ,1.14 ,0 ,0 ,0 ,0 ,0 ,0 ,0 ,0 ,RB
4.836 ,0 ,32.5 ,17 ,1.14 ,0 ,0 ,0 ,0 ,0 ,0 ,0 ,0 ,RB
4.476 ,0 ,30 ,2 ,1.146 ,0 ,0 ,0 ,0 ,0 ,0 ,0 ,0 ,RB
4.235 ,0 ,28.6 ,1 ,1.149 ,0 ,0 ,0 ,0 ,0 ,0 ,0 ,0 ,RB
4.412 ,0 ,33.9 ,8 ,1.137 ,0 ,0 ,0 ,0 ,0 ,0 ,0 ,0 ,RB
4.243 ,0 ,31.3 ,4 ,1.143 ,0 ,0 ,0 ,0 ,0 ,0 ,0 ,0 ,RB
4.237 ,0 ,31.8 ,4 ,1.142 ,0 ,0 ,0 ,0 ,0 ,0 ,0 ,0 ,RB
4.412 ,0 ,30.6 ,8 ,1.144 ,0 ,0 ,0 ,0 ,0 ,0 ,0 ,0 ,RB
4.544 ,0 ,30.4 ,6 ,1.145 ,0 ,0 ,0 ,0 ,0 ,0 ,0 ,0 ,RB
4.399 ,0 ,32.3 ,8 ,1.138 ,0 ,0 ,0 ,0 ,0 ,0 ,0 ,0 ,RB
4.706 ,0 ,30 ,2 ,1.146 ,0 ,0 ,0 ,0 ,0 ,0 ,0 ,0 ,RB
4.67 ,0 ,33.3 ,7 ,1.139 ,0 ,0 ,0 ,0 ,0 ,0 ,0 ,0 ,RB
4.644 ,0 ,33.3 ,6 ,1.139 ,0 ,0 ,0 ,0 ,0 ,0 ,0 ,0 ,RB
4.644 ,0 ,33.3 ,6 ,1.138 ,0 ,0 ,0 ,0 ,0 ,0 ,0 ,0 ,RB
4.343 ,0 ,33.3 ,4 ,1.139 ,0 ,0 ,0 ,0 ,0 ,0 ,0 ,0 ,RB
4.588 ,0 ,32 ,5 ,1.141 ,0 ,0 ,0 ,0 ,0 ,0 ,0 ,0 ,RB
4.17 ,0 ,40 ,0 ,1.133 ,0 ,0 ,0 ,0 ,0 ,1 ,1 ,0 ,RB
5.098 ,0 ,17.6 ,3 ,1.159 ,0 ,0 ,0 ,0 ,0 ,1 ,1 ,0 ,RB
4.372 ,0 ,38.5 ,0 ,1.128 ,0 ,0 ,0 ,0 ,0 ,0 ,0 ,0 ,RB
4.17 ,0 ,27.3 ,1 ,1.151 ,0 ,0 ,1 ,0 ,0 ,0 ,0 ,0 ,RB
4.235 ,0 ,28 ,2 ,1.15 ,0 ,0 ,0 ,0 ,0 ,0 ,0 ,0 ,RB
4.752 ,0 ,31 ,10 ,1.143 ,0 ,0 ,0 ,0 ,0 ,0 ,0 ,0 ,RB
4.618 ,0 ,33.3 ,6 ,1.139 ,0 ,0 ,0 ,0 ,0 ,0 ,0 ,0 ,RB
4.562 ,0 ,10 ,0 ,1.175 ,0 ,0 ,0 ,0 ,0 ,0 ,2 ,0 ,RB
4.414 ,0 ,46.2 ,2 ,1.112 ,0 ,0 ,1 ,0 ,1 ,0 ,0 ,0 ,RB
4.732 ,0 ,42.9 ,4 ,1.119 ,0 ,0 ,1 ,0 ,2 ,0 ,0 ,0 ,RB
4.898 ,0 ,40.7 ,4 ,1.123 ,0 ,0 ,1 ,0 ,2 ,0 ,0 ,0 ,RB
4.782 ,0 ,43.5 ,2 ,1.117 ,0 ,0 ,1 ,0 ,0 ,0 ,0 ,0 ,RB
4.869 ,0 ,40.9 ,6 ,1.123 ,0 ,0 ,1 ,0 ,2 ,0 ,0 ,0 ,RB
5.156 ,0 ,55.6 ,16 ,1.093 ,0 ,0 ,6 ,0 ,0 ,0 ,0 ,4 ,RB
5.072 ,0 ,40 ,10 ,1.125 ,0 ,0 ,1 ,0 ,0 ,0 ,0 ,2 ,RB
5.074 ,0 ,44.2 ,13 ,1.116 ,0 ,0 ,2 ,0 ,0 ,0 ,0 ,2 ,RB
5.072 ,0 ,43.8 ,12 ,1.117 ,0 ,0 ,1 ,0 ,0 ,0 ,0 ,2 ,RB
4.876 ,0 ,41.7 ,10 ,1.121 ,0 ,0 ,1 ,0 ,0 ,0 ,0 ,2 ,RB
4.842 ,0 ,41.7 ,4 ,1.121 ,0 ,0 ,1 ,0 ,0 ,0 ,0 ,0 ,RB
4.982 ,0 ,53.3 ,8 ,1.097 ,0 ,0 ,3 ,0 ,0 ,0 ,0 ,2 ,RB
4.828 ,0 ,50 ,10 ,1.104 ,0 ,0 ,2 ,0 ,0 ,0 ,0 ,0 ,RB
5.12 ,0 ,36.8 ,18 ,1.131 ,0 ,0 ,1 ,0 ,0 ,0 ,0 ,3 ,RB
4.732 ,0 ,46.7 ,4 ,1.111 ,0 ,0 ,1 ,0 ,0 ,0 ,0 ,0 ,RB
4.77 ,0 ,41.2 ,4 ,1.127 ,0 ,0 ,1 ,0 ,1 ,2 ,1 ,0 ,RB
4.923 ,0 ,43.8 ,7 ,1.117 ,0 ,0 ,1 ,0 ,1 ,0 ,0 ,0 ,RB
4.972 ,0 ,42.9 ,8 ,1.119 ,0 ,0 ,1 ,0 ,1 ,0 ,0 ,0 ,RB
4.845 ,0 ,40 ,8 ,1.125 ,0 ,0 ,1 ,0 ,1 ,0 ,0 ,0 ,RB
5.31 ,0 ,37.5 ,6 ,1.112 ,0 ,0 ,1 ,0 ,1 ,0 ,0 ,0 ,RB
4.963 ,0 ,52.4 ,4 ,1.099 ,0 ,0 ,3 ,0 ,0 ,0 ,0 ,0 ,RB
4.877 ,0 ,47.1 ,6 ,1.11 ,0 ,0 ,3 ,0 ,2 ,0 ,0 ,0 ,RB
4.963 ,0 ,50 ,2 ,1.108 ,0 ,0 ,3 ,0 ,0 ,4 ,1 ,0 ,RB
4.789 ,0 ,30.8 ,6 ,1.144 ,0 ,0 ,1 ,0 ,0 ,0 ,0 ,0 ,RB
4.362 ,0 ,31.6 ,2 ,1.147 ,0 ,0 ,1 ,0 ,0 ,2 ,1 ,0 ,RB
5.164 ,0 ,26.7 ,9 ,1.155 ,0 ,0 ,1 ,0 ,0 ,3 ,1 ,0 ,RB
4.236 ,0 ,32.8 ,1 ,1.14 ,0 ,0 ,1 ,0 ,0 ,0 ,0 ,0 ,RB
4.362 ,0 ,27.3 ,2 ,1.151 ,0 ,0 ,0 ,0 ,0 ,0 ,0 ,0 ,RB
4.414 ,0 ,35.3 ,1 ,1.134 ,0 ,0 ,0 ,0 ,0 ,0 ,0 ,0 ,RB
4 ,0 ,25 ,0 ,1.156 ,0 ,0 ,0 ,0 ,0 ,0 ,0 ,0 ,RB
4.412 ,0 ,32.8 ,6 ,1.14 ,0 ,0 ,0 ,0 ,0 ,0 ,0 ,0 ,RB
4.534 ,0 ,32.4 ,10 ,1.141 ,0 ,0 ,0 ,0 ,0 ,0 ,0 ,0 ,RB
4.263 ,0 ,28.6 ,4 ,1.135 ,0 ,0 ,0 ,0 ,0 ,0 ,0 ,0 ,RB
4.17 ,0 ,30 ,1 ,1.154 ,0 ,0 ,0 ,0 ,0 ,1 ,1 ,0 ,RB
4.65 ,0 ,31.3 ,5 ,1.145 ,0 ,0 ,0 ,0 ,0 ,3 ,1 ,0 ,RB
4.343 ,0 ,33.3 ,4 ,1.139 ,0 ,0 ,0 ,0 ,0 ,0 ,0 ,0 ,RB
4.691 ,0 ,26.7 ,5 ,1.153 ,0 ,0 ,0 ,0 ,0 ,0 ,0 ,0 ,RB
4.476 ,0 ,31.3 ,4 ,1.143 ,0 ,0 ,0 ,0 ,0 ,0 ,0 ,0 ,RB
4.385 ,0 ,32.4 ,10 ,1.141 ,0 ,0 ,0 ,0 ,0 ,0 ,0 ,0 ,RB
4.791 ,0 ,23.1 ,2 ,1.173 ,0 ,0 ,0 ,0 ,0 ,2 ,4 ,0 ,RB
4.303 ,0 ,34.8 ,1 ,1.135 ,0 ,0 ,0 ,0 ,0 ,0 ,0 ,0 ,RB
4.499 ,0 ,46.7 ,0 ,1.107 ,0 ,0 ,1 ,1 ,0 ,0 ,0 ,0 ,RB
4.651 ,0 ,41.7 ,3 ,1.125 ,0 ,0 ,1 ,0 ,1 ,3 ,1 ,0 ,RB
4.692 ,0 ,40.7 ,3 ,1.126 ,0 ,0 ,1 ,0 ,1 ,3 ,1 ,0 ,RB
4.543 ,0 ,40.9 ,1 ,1.127 ,0 ,0 ,1 ,0 ,0 ,2 ,1 ,0 ,RB
4.562 ,0 ,42.9 ,4 ,1.119 ,0 ,0 ,1 ,0 ,2 ,0 ,0 ,0 ,RB
4.77 ,0 ,45 ,2 ,1.114 ,0 ,0 ,1 ,0 ,0 ,0 ,0 ,0 ,RB
5.072 ,0 ,36.1 ,12 ,1.133 ,0 ,0 ,1 ,0 ,0 ,0 ,0 ,2 ,RB
4.844 ,0 ,50 ,9 ,1.104 ,0 ,0 ,2 ,0 ,2 ,0 ,0 ,1 ,RB
4.77 ,0 ,38.5 ,0 ,1.128 ,0 ,0 ,1 ,0 ,0 ,0 ,0 ,0 ,RB
4.675 ,0 ,33.3 ,0 ,1.141 ,0 ,0 ,2 ,0 ,0 ,4 ,1 ,0 ,RB
4.645 ,0 ,45.7 ,12 ,1.107 ,0 ,0 ,3 ,0 ,0 ,0 ,0 ,0 ,RB
4.863 ,0 ,54.5 ,0 ,1.087 ,0 ,0 ,2 ,0 ,1 ,0 ,0 ,0 ,RB
4.481 ,0 ,33.3 ,1 ,1.139 ,0 ,0 ,1 ,0 ,0 ,0 ,0 ,0 ,RB
4.414 ,0 ,38.5 ,1 ,1.128 ,0 ,0 ,1 ,0 ,0 ,0 ,0 ,0 ,RB
4.303 ,0 ,33.3 ,2 ,1.139 ,0 ,0 ,1 ,0 ,0 ,0 ,0 ,0 ,RB
4.875 ,0 ,35.3 ,6 ,1.135 ,0 ,0 ,1 ,0 ,0 ,0 ,0 ,0 ,RB
4.414 ,0 ,30.8 ,3 ,1.144 ,0 ,0 ,1 ,0 ,0 ,0 ,0 ,0 ,RB
4.882 ,0 ,41.2 ,4 ,1.127 ,0 ,0 ,1 ,0 ,0 ,4 ,1 ,0 ,RB
4.17 ,0 ,20 ,0 ,1.175 ,0 ,0 ,0 ,0 ,0 ,1 ,1 ,0 ,RB
4.414 ,0 ,27.3 ,3 ,1.166 ,0 ,0 ,1 ,0 ,0 ,2 ,2 ,0 ,RB
5.076 ,0 ,38.1 ,7 ,1.133 ,0 ,0 ,1 ,0 ,1 ,3 ,1 ,0 ,RB
4.655 ,0 ,25 ,3 ,1.164 ,0 ,0 ,0 ,0 ,0 ,3 ,2 ,0 ,RB
3.414 ,0 ,33.3 ,0 ,1.132 ,0 ,0 ,0 ,1 ,0 ,0 ,0 ,0 ,RB
4.303 ,0 ,21.4 ,2 ,1.164 ,0 ,0 ,0 ,0 ,0 ,0 ,0 ,0 ,RB
4.303 ,0 ,23.1 ,1 ,1.156 ,0 ,0 ,0 ,1 ,0 ,0 ,0 ,0 ,RB
4.214 ,0 ,23.5 ,0 ,1.164 ,0 ,0 ,0 ,0 ,0 ,1 ,1 ,0 ,RB
3.732 ,0 ,20 ,1 ,1.172 ,0 ,0 ,0 ,0 ,0 ,1 ,1 ,0 ,RB
4.236 ,0 ,32.1 ,2 ,1.141 ,0 ,0 ,0 ,0 ,0 ,0 ,0 ,0 ,RB
4 ,0 ,22.2 ,0 ,1.171 ,0 ,0 ,0 ,0 ,0 ,1 ,1 ,0 ,RB
4.382 ,0 ,33.3 ,4 ,1.138 ,0 ,0 ,0 ,0 ,0 ,0 ,0 ,0 ,RB
4.17 ,0 ,33.3 ,2 ,1.139 ,0 ,0 ,0 ,0 ,0 ,0 ,0 ,0 ,RB
4.644 ,0 ,36.8 ,6 ,1.131 ,0 ,0 ,0 ,0 ,0 ,0 ,0 ,0 ,RB
4.645 ,0 ,23.1 ,2 ,1.173 ,0 ,0 ,0 ,0 ,0 ,3 ,4 ,0 ,RB
4.645 ,0 ,34.1 ,23 ,1.137 ,0 ,0 ,6 ,0 ,0 ,0 ,0 ,0 ,RB
3 ,0 ,33.3 ,0 ,1.152 ,0 ,0 ,0 ,0 ,0 ,1 ,1 ,0 ,RB
4.362 ,0 ,33.3 ,3 ,1.144 ,0 ,0 ,0 ,0 ,0 ,1 ,1 ,0 ,RB
4.5 ,0 ,32 ,9 ,1.14 ,0 ,0 ,0 ,0 ,0 ,0 ,0 ,0 ,RB
4.593 ,0 ,42.1 ,1 ,1.125 ,0 ,0 ,1 ,0 ,1 ,3 ,1 ,0 ,RB
4.499 ,0 ,41.2 ,0 ,1.127 ,0 ,0 ,1 ,0 ,0 ,1 ,1 ,0 ,RB
4.607 ,0 ,38.9 ,2 ,1.132 ,0 ,0 ,1 ,0 ,2 ,2 ,1 ,0 ,RB
4.499 ,0 ,50 ,2 ,1.104 ,0 ,0 ,1 ,0 ,0 ,0 ,0 ,0 ,RB
4.732 ,0 ,47.1 ,2 ,1.11 ,0 ,0 ,1 ,0 ,0 ,0 ,0 ,0 ,RB
5.072 ,0 ,38.1 ,12 ,1.129 ,0 ,0 ,1 ,0 ,0 ,0 ,0 ,2 ,RB
5.075 ,0 ,36.4 ,14 ,1.132 ,0 ,0 ,1 ,0 ,0 ,0 ,0 ,2 ,RB
4.499 ,0 ,53.8 ,0 ,1.102 ,0 ,0 ,1 ,0 ,0 ,1 ,1 ,0 ,RB
4.414 ,0 ,30 ,0 ,1.149 ,0 ,0 ,1 ,0 ,0 ,2 ,1 ,0 ,RB
5.099 ,0 ,35.1 ,3 ,1.135 ,0 ,0 ,1 ,0 ,0 ,0 ,0 ,0 ,RB
4.791 ,0 ,45 ,3 ,1.114 ,0 ,0 ,1 ,0 ,1 ,0 ,0 ,0 ,RB
4.842 ,0 ,54.5 ,0 ,1.094 ,0 ,0 ,2 ,0 ,0 ,0 ,0 ,0 ,RB
4.414 ,0 ,41.7 ,2 ,1.128 ,0 ,0 ,1 ,0 ,0 ,2 ,1 ,0 ,RB
4 ,0 ,29.4 ,0 ,1.151 ,0 ,0 ,1 ,0 ,0 ,2 ,1 ,0 ,RB
4.918 ,2 ,21.7 ,4 ,1.184 ,0 ,0 ,3 ,0 ,0 ,4 ,6 ,0 ,RB
4.983 ,0 ,23.1 ,8 ,1.16 ,0 ,0 ,0 ,0 ,0 ,0 ,0 ,0 ,RB
4.383 ,0 ,32.6 ,4 ,1.14 ,0 ,0 ,0 ,0 ,0 ,0 ,0 ,0 ,RB
3.956 ,0 ,31.9 ,0 ,1.141 ,0 ,0 ,0 ,0 ,0 ,0 ,0 ,0 ,RB
3.802 ,0 ,22.2 ,0 ,1.166 ,0 ,0 ,0 ,0 ,0 ,2 ,1 ,0 ,RB
4.399 ,0 ,32.6 ,8 ,1.138 ,0 ,0 ,0 ,0 ,0 ,0 ,0 ,0 ,RB
4.334 ,0 ,33.3 ,3 ,1.139 ,0 ,0 ,0 ,0 ,0 ,0 ,0 ,0 ,RB
4.414 ,0 ,44.4 ,4 ,1.116 ,0 ,0 ,1 ,0 ,0 ,0 ,0 ,0 ,RB
4 ,0 ,50 ,0 ,1.104 ,0 ,0 ,1 ,0 ,0 ,0 ,0 ,0 ,RB
4.499 ,0 ,43.8 ,2 ,1.117 ,0 ,0 ,1 ,0 ,1 ,0 ,0 ,0 ,RB
4.783 ,0 ,38.9 ,2 ,1.132 ,0 ,0 ,1 ,0 ,2 ,2 ,1 ,0 ,RB
5.31 ,0 ,58.3 ,8 ,1.087 ,0 ,0 ,6 ,0 ,0 ,0 ,0 ,0 ,RB
4.977 ,0 ,32.4 ,9 ,1.14 ,0 ,0 ,1 ,0 ,0 ,0 ,0 ,0 ,RB
4.825 ,0 ,46.7 ,0 ,1.1 ,0 ,0 ,1 ,1 ,2 ,0 ,0 ,0 ,NRB
4.562 ,0 ,35.1 ,0 ,1.139 ,0 ,0 ,2 ,0 ,0 ,4 ,2 ,0 ,NRB
6.316 ,0 ,31.6 ,2 ,1.348 ,0 ,1 ,0 ,0 ,0 ,0 ,0 ,0 ,NRB
6.33 ,0 ,31.8 ,2 ,1.35 ,0 ,1 ,0 ,0 ,0 ,0 ,0 ,0 ,NRB
4 ,0 ,40 ,0 ,1.125 ,0 ,0 ,1 ,0 ,0 ,0 ,0 ,0 ,NRB
5.798 ,0 ,53.3 ,0 ,1.085 ,0 ,0 ,4 ,0 ,0 ,0 ,0 ,0 ,NRB
5.451 ,1 ,39.2 ,7 ,1.131 ,1 ,0 ,2 ,0 ,4 ,8 ,3 ,0 ,NRB
5.449 ,0 ,37.5 ,0 ,1.13 ,0 ,0 ,1 ,0 ,0 ,0 ,0 ,0 ,NRB
5.495 ,0 ,38.7 ,8 ,1.127 ,0 ,0 ,2 ,0 ,2 ,0 ,0 ,0 ,NRB
5.998 ,0 ,44.4 ,3 ,1.103 ,0 ,0 ,15 ,1 ,0 ,0 ,0 ,0 ,NRB
5.995 ,0 ,41.7 ,0 ,1.102 ,0 ,0 ,6 ,1 ,0 ,0 ,0 ,0 ,NRB
5.029 ,0 ,38.8 ,0 ,1.119 ,0 ,0 ,5 ,0 ,0 ,7 ,2 ,0 ,NRB
5.292 ,0 ,28.6 ,2 ,1.127 ,0 ,2 ,0 ,1 ,0 ,0 ,0 ,0 ,NRB
4.912 ,0 ,50 ,0 ,1.09 ,0 ,0 ,1 ,1 ,3 ,0 ,0 ,0 ,NRB
5.027 ,0 ,50 ,0 ,1.085 ,0 ,0 ,1 ,1 ,4 ,0 ,0 ,0 ,NRB
4.935 ,0 ,50 ,0 ,1.085 ,0 ,0 ,1 ,1 ,4 ,0 ,0 ,0 ,NRB
5.149 ,0 ,40 ,4 ,1.125 ,0 ,0 ,3 ,0 ,1 ,0 ,0 ,0 ,NRB
4.675 ,0 ,52 ,0 ,1.1 ,0 ,0 ,2 ,0 ,0 ,0 ,0 ,0 ,NRB
5.109 ,0 ,44.8 ,0 ,1.113 ,0 ,0 ,2 ,1 ,6 ,4 ,2 ,0 ,NRB
4 ,1 ,16.7 ,0 ,1.187 ,0 ,0 ,0 ,0 ,0 ,2 ,2 ,0 ,NRB
3 ,0 ,22.2 ,0 ,1.162 ,0 ,0 ,0 ,0 ,0 ,0 ,0 ,0 ,NRB
4.414 ,0 ,28.6 ,0 ,1.148 ,0 ,0 ,0 ,0 ,0 ,0 ,0 ,0 ,NRB
3.879 ,0 ,26.1 ,0 ,1.154 ,0 ,0 ,0 ,0 ,0 ,0 ,0 ,0 ,NRB
3.414 ,0 ,20 ,0 ,1.109 ,0 ,0 ,0 ,0 ,0 ,0 ,0 ,0 ,NRB
4.732 ,0 ,28.6 ,8 ,1.149 ,0 ,0 ,1 ,0 ,0 ,0 ,0 ,0 ,NRB
4.17 ,0 ,22.2 ,0 ,1.14 ,0 ,0 ,0 ,0 ,0 ,1 ,1 ,0 ,NRB
5.248 ,1 ,33.3 ,0 ,1.152 ,0 ,0 ,0 ,0 ,0 ,10 ,4 ,0 ,NRB
3.414 ,0 ,28.6 ,0 ,1.119 ,0 ,0 ,0 ,0 ,0 ,0 ,1 ,0 ,NRB
3 ,1 ,11.1 ,0 ,1.203 ,0 ,0 ,0 ,0 ,0 ,1 ,2 ,0 ,NRB
4.641 ,0 ,47.4 ,0 ,1.106 ,0 ,0 ,1 ,1 ,0 ,0 ,0 ,0 ,NRB
5.325 ,0 ,53.3 ,8 ,1.082 ,0 ,0 ,3 ,1 ,4 ,0 ,0 ,2 ,NRB
4.783 ,0 ,46.7 ,0 ,1.103 ,0 ,0 ,1 ,1 ,1 ,0 ,0 ,0 ,NRB
4.912 ,0 ,40 ,0 ,1.129 ,0 ,0 ,1 ,0 ,1 ,2 ,1 ,0 ,NRB
4.732 ,0 ,37.5 ,0 ,1.14 ,0 ,0 ,1 ,0 ,2 ,4 ,2 ,0 ,NRB
4.596 ,0 ,41.2 ,0 ,1.127 ,0 ,0 ,1 ,0 ,1 ,2 ,1 ,0 ,NRB
4.562 ,0 ,42.9 ,0 ,1.121 ,0 ,0 ,1 ,1 ,2 ,2 ,1 ,0 ,NRB
5.004 ,1 ,37.5 ,0 ,1.13 ,0 ,0 ,1 ,1 ,4 ,3 ,2 ,0 ,NRB
4.807 ,0 ,42.1 ,3 ,1.12 ,0 ,0 ,1 ,0 ,1 ,0 ,0 ,0 ,NRB
4.642 ,0 ,38.9 ,2 ,1.132 ,0 ,0 ,1 ,0 ,2 ,2 ,1 ,0 ,NRB
4.965 ,0 ,40 ,6 ,1.127 ,1 ,0 ,1 ,1 ,3 ,2 ,1 ,0 ,NRB
5.365 ,0 ,39.1 ,5 ,1.127 ,0 ,0 ,1 ,0 ,0 ,0 ,0 ,0 ,NRB
4.783 ,0 ,53.8 ,0 ,1.098 ,0 ,0 ,1 ,1 ,1 ,1 ,1 ,0 ,NRB
4.679 ,0 ,28.6 ,0 ,1.154 ,0 ,0 ,1 ,0 ,0 ,2 ,2 ,0 ,NRB
4.825 ,0 ,33.3 ,4 ,1.139 ,0 ,0 ,1 ,0 ,0 ,0 ,0 ,0 ,NRB
5.509 ,0 ,48 ,0 ,1.084 ,0 ,0 ,2 ,1 ,2 ,0 ,0 ,0 ,NRB
5.103 ,0 ,55.6 ,6 ,1.092 ,0 ,0 ,3 ,0 ,0 ,0 ,0 ,0 ,NRB
4.803 ,0 ,42.2 ,6 ,1.127 ,0 ,0 ,4 ,0 ,2 ,4 ,4 ,0 ,NRB
4.303 ,0 ,33.3 ,0 ,1.152 ,0 ,0 ,1 ,0 ,0 ,4 ,2 ,0 ,NRB
5.361 ,0 ,28.9 ,16 ,1.151 ,0 ,0 ,2 ,0 ,0 ,2 ,2 ,0 ,NRB
4.499 ,0 ,28.6 ,0 ,1.152 ,0 ,0 ,1 ,0 ,0 ,3 ,1 ,0 ,NRB
4.982 ,0 ,40 ,6 ,1.129 ,0 ,0 ,3 ,0 ,0 ,2 ,1 ,0 ,NRB
4.596 ,0 ,45.5 ,0 ,1.111 ,0 ,0 ,1 ,1 ,0 ,2 ,1 ,0 ,NRB
4.651 ,0 ,33.3 ,2 ,1.117 ,0 ,0 ,1 ,1 ,0 ,2 ,1 ,0 ,NRB
4.923 ,0 ,46.7 ,2 ,1.097 ,0 ,0 ,3 ,0 ,1 ,2 ,1 ,0 ,NRB
3.414 ,0 ,25 ,0 ,1.142 ,0 ,0 ,0 ,0 ,0 ,0 ,0 ,0 ,NRB
4.923 ,0 ,41.7 ,0 ,1.121 ,0 ,0 ,1 ,0 ,0 ,0 ,0 ,0 ,NRB
5.313 ,0 ,31.6 ,4 ,1.136 ,0 ,0 ,1 ,0 ,2 ,3 ,2 ,0 ,NRB
4.912 ,0 ,48.1 ,6 ,1.108 ,0 ,0 ,2 ,0 ,2 ,0 ,0 ,0 ,NRB
5 ,0 ,20 ,0 ,1.121 ,0 ,0 ,0 ,0 ,0 ,0 ,0 ,0 ,NRB
4.523 ,0 ,28.6 ,0 ,1.151 ,0 ,0 ,0 ,0 ,0 ,4 ,1 ,0 ,NRB
4.737 ,0 ,24.1 ,2 ,1.146 ,0 ,0 ,0 ,0 ,0 ,2 ,3 ,0 ,NRB
5.262 ,0 ,27.7 ,12 ,1.146 ,0 ,0 ,0 ,0 ,0 ,0 ,0 ,0 ,NRB
5.333 ,0 ,30.2 ,0 ,1.134 ,0 ,0 ,0 ,0 ,0 ,0 ,0 ,0 ,NRB
4.732 ,0 ,47.4 ,0 ,1.109 ,0 ,0 ,1 ,0 ,0 ,0 ,0 ,0 ,NRB
4.912 ,0 ,42.9 ,0 ,1.119 ,0 ,0 ,1 ,0 ,0 ,0 ,0 ,0 ,NRB
4.828 ,0 ,45.5 ,0 ,1.113 ,0 ,0 ,1 ,0 ,0 ,0 ,0 ,0 ,NRB
4.641 ,0 ,41.7 ,0 ,1.121 ,0 ,0 ,1 ,0 ,0 ,0 ,0 ,0 ,NRB
4.679 ,0 ,41.7 ,0 ,1.121 ,0 ,0 ,1 ,0 ,0 ,0 ,0 ,0 ,NRB
4.828 ,0 ,50 ,0 ,1.104 ,0 ,0 ,1 ,0 ,0 ,0 ,0 ,0 ,NRB
4.732 ,0 ,50 ,0 ,1.094 ,0 ,0 ,1 ,0 ,0 ,0 ,0 ,0 ,NRB
4.517 ,0 ,50 ,0 ,1.094 ,0 ,0 ,1 ,0 ,0 ,0 ,0 ,0 ,NRB
4.596 ,0 ,50 ,0 ,1.094 ,0 ,0 ,1 ,1 ,2 ,0 ,0 ,0 ,NRB
4.562 ,0 ,50 ,0 ,1.094 ,0 ,0 ,1 ,1 ,2 ,0 ,0 ,0 ,NRB
4.732 ,0 ,50 ,0 ,1.094 ,0 ,0 ,1 ,1 ,2 ,0 ,0 ,0 ,NRB
4.807 ,0 ,46.7 ,0 ,1.103 ,0 ,0 ,1 ,1 ,2 ,0 ,0 ,0 ,NRB
4.912 ,0 ,46.7 ,0 ,1.103 ,0 ,0 ,1 ,1 ,2 ,0 ,0 ,0 ,NRB
4.675 ,0 ,50 ,0 ,1.107 ,0 ,0 ,2 ,0 ,2 ,4 ,1 ,0 ,NRB
4.807 ,0 ,42.9 ,0 ,1.117 ,0 ,0 ,1 ,1 ,3 ,2 ,1 ,0 ,NRB
4.649 ,1 ,46.2 ,0 ,1.121 ,0 ,0 ,2 ,0 ,3 ,8 ,3 ,0 ,NRB
4.923 ,0 ,37.5 ,4 ,1.14 ,1 ,0 ,1 ,0 ,2 ,4 ,2 ,0 ,NRB
4.965 ,0 ,37.5 ,4 ,1.137 ,1 ,0 ,1 ,1 ,3 ,4 ,2 ,0 ,NRB
5.103 ,0 ,33.3 ,8 ,1.15 ,2 ,0 ,1 ,1 ,4 ,6 ,3 ,0 ,NRB
4.923 ,0 ,42.9 ,4 ,1.121 ,1 ,0 ,1 ,1 ,2 ,2 ,1 ,0 ,NRB
5.04 ,0 ,37.5 ,8 ,1.141 ,2 ,0 ,1 ,0 ,2 ,4 ,2 ,0 ,NRB
5.068 ,0 ,36.8 ,8 ,1.14 ,2 ,0 ,1 ,0 ,2 ,4 ,2 ,0 ,NRB
5.006 ,0 ,36.8 ,8 ,1.14 ,2 ,0 ,1 ,0 ,2 ,4 ,2 ,0 ,NRB
4.895 ,0 ,42.9 ,4 ,1.117 ,1 ,0 ,1 ,1 ,3 ,2 ,1 ,0 ,NRB
4.77 ,0 ,45 ,2 ,1.114 ,0 ,0 ,1 ,0 ,1 ,0 ,0 ,0 ,NRB
5.459 ,0 ,37.8 ,2 ,1.129 ,0 ,0 ,1 ,0 ,1 ,0 ,0 ,0 ,NRB
4.793 ,0 ,36.7 ,3 ,1.131 ,0 ,0 ,1 ,0 ,1 ,0 ,0 ,0 ,NRB
5.466 ,0 ,37.2 ,3 ,1.13 ,0 ,0 ,1 ,0 ,1 ,0 ,0 ,0 ,NRB
5.102 ,0 ,38.7 ,4 ,1.127 ,0 ,0 ,1 ,0 ,1 ,0 ,0 ,0 ,NRB
5.375 ,0 ,39.3 ,3 ,1.126 ,0 ,0 ,1 ,0 ,1 ,0 ,0 ,0 ,NRB
4.958 ,0 ,40 ,3 ,1.125 ,0 ,0 ,1 ,0 ,1 ,0 ,0 ,0 ,NRB
5.489 ,0 ,36.6 ,6 ,1.132 ,0 ,0 ,1 ,0 ,1 ,0 ,0 ,0 ,NRB
4.709 ,0 ,50 ,2 ,1.104 ,0 ,0 ,2 ,0 ,1 ,0 ,0 ,0 ,NRB
4.845 ,0 ,36.8 ,6 ,1.131 ,0 ,0 ,1 ,0 ,2 ,0 ,0 ,0 ,NRB
5.377 ,0 ,37.9 ,5 ,1.129 ,0 ,0 ,1 ,0 ,2 ,0 ,0 ,0 ,NRB
4.953 ,0 ,38.9 ,6 ,1.132 ,1 ,0 ,1 ,0 ,2 ,2 ,1 ,0 ,NRB
4.965 ,0 ,38.9 ,6 ,1.132 ,1 ,0 ,1 ,0 ,2 ,2 ,1 ,0 ,NRB
4.958 ,0 ,38.9 ,6 ,1.132 ,1 ,0 ,1 ,0 ,2 ,2 ,1 ,0 ,NRB
4.895 ,0 ,38.9 ,7 ,1.132 ,1 ,0 ,1 ,0 ,2 ,2 ,1 ,0 ,NRB
5.171 ,0 ,34.5 ,11 ,1.142 ,2 ,0 ,1 ,0 ,3 ,4 ,2 ,0 ,NRB
4.596 ,0 ,46.2 ,2 ,1.108 ,0 ,0 ,1 ,1 ,2 ,0 ,0 ,0 ,NRB
4.562 ,0 ,46.2 ,2 ,1.1 ,0 ,0 ,1 ,0 ,2 ,0 ,0 ,0 ,NRB
4.596 ,0 ,46.2 ,2 ,1.1 ,0 ,0 ,1 ,0 ,2 ,0 ,0 ,0 ,NRB
4.732 ,0 ,46.2 ,2 ,1.1 ,0 ,0 ,1 ,0 ,2 ,0 ,0 ,0 ,NRB
4.807 ,0 ,43.8 ,2 ,1.113 ,0 ,0 ,1 ,1 ,2 ,0 ,0 ,0 ,NRB
4.807 ,0 ,46.2 ,2 ,1.103 ,0 ,0 ,1 ,1 ,3 ,0 ,0 ,0 ,NRB
4.807 ,0 ,46.2 ,2 ,1.088 ,0 ,0 ,1 ,0 ,3 ,0 ,0 ,0 ,NRB
4.912 ,0 ,46.2 ,2 ,1.103 ,0 ,0 ,1 ,1 ,3 ,0 ,0 ,0 ,NRB
4.807 ,0 ,46.2 ,2 ,1.103 ,0 ,0 ,1 ,1 ,3 ,0 ,0 ,0 ,NRB
5.071 ,0 ,40 ,6 ,1.123 ,1 ,0 ,1 ,1 ,4 ,2 ,1 ,0 ,NRB
4.562 ,0 ,48.3 ,4 ,1.107 ,0 ,0 ,2 ,0 ,0 ,0 ,0 ,0 ,NRB
4.962 ,0 ,54.2 ,4 ,1.095 ,0 ,0 ,2 ,0 ,0 ,0 ,0 ,0 ,NRB
4.641 ,0 ,57.1 ,0 ,1.101 ,0 ,0 ,1 ,0 ,0 ,2 ,2 ,0 ,NRB
5.267 ,0 ,57.1 ,0 ,1.085 ,0 ,0 ,1 ,1 ,4 ,2 ,2 ,0 ,NRB
4.869 ,0 ,36 ,2 ,1.135 ,0 ,0 ,1 ,1 ,3 ,3 ,2 ,0 ,NRB
5.387 ,0 ,44.2 ,12 ,1.108 ,0 ,0 ,3 ,1 ,9 ,4 ,2 ,0 ,NRB
4.994 ,0 ,37.5 ,6 ,1.132 ,0 ,0 ,1 ,0 ,1 ,0 ,1 ,0 ,NRB
4.975 ,0 ,37.9 ,6 ,1.132 ,0 ,0 ,1 ,0 ,1 ,0 ,1 ,0 ,NRB
4.872 ,0 ,47.4 ,2 ,1.118 ,0 ,0 ,1 ,0 ,2 ,4 ,2 ,0 ,NRB
4.499 ,0 ,33.3 ,0 ,1.138 ,0 ,0 ,1 ,0 ,0 ,0 ,0 ,0 ,NRB
4 ,0 ,33.3 ,0 ,1.138 ,0 ,0 ,1 ,0 ,0 ,0 ,0 ,0 ,NRB
4.414 ,0 ,33.3 ,0 ,1.135 ,0 ,0 ,1 ,1 ,0 ,0 ,0 ,0 ,NRB
4.814 ,0 ,33.3 ,0 ,1.112 ,0 ,0 ,1 ,0 ,0 ,0 ,0 ,0 ,NRB
5.459 ,0 ,37.5 ,8 ,1.13 ,0 ,0 ,1 ,0 ,1 ,0 ,0 ,0 ,NRB
4.732 ,0 ,44.8 ,0 ,1.12 ,0 ,0 ,2 ,0 ,2 ,4 ,2 ,0 ,NRB
5.611 ,0 ,45 ,4 ,1.114 ,0 ,0 ,3 ,0 ,2 ,0 ,0 ,0 ,NRB
4.961 ,0 ,48.1 ,6 ,1.104 ,0 ,0 ,2 ,1 ,4 ,0 ,0 ,0 ,NRB
5.221 ,0 ,48.1 ,6 ,1.095 ,0 ,0 ,2 ,1 ,8 ,0 ,0 ,0 ,NRB
4.887 ,0 ,44.8 ,0 ,1.116 ,0 ,0 ,2 ,1 ,4 ,4 ,2 ,0 ,NRB
5.415 ,0 ,40.4 ,8 ,1.124 ,0 ,0 ,2 ,0 ,2 ,0 ,0 ,0 ,NRB
4.887 ,0 ,31.9 ,0 ,1.145 ,0 ,0 ,2 ,0 ,0 ,4 ,2 ,0 ,NRB
5.511 ,0 ,45.5 ,4 ,1.113 ,0 ,0 ,2 ,0 ,2 ,0 ,0 ,0 ,NRB
5.656 ,0 ,45.7 ,9 ,1.11 ,0 ,0 ,2 ,1 ,2 ,0 ,0 ,0 ,NRB
5.534 ,0 ,45.5 ,4 ,1.094 ,0 ,0 ,2 ,0 ,6 ,0 ,0 ,0 ,NRB
5.097 ,0 ,45.5 ,0 ,1.121 ,0 ,0 ,3 ,0 ,2 ,4 ,2 ,0 ,NRB
4.933 ,0 ,53.3 ,0 ,1.1 ,0 ,0 ,4 ,0 ,2 ,4 ,1 ,0 ,NRB
5.177 ,0 ,52.6 ,3 ,1.093 ,0 ,0 ,3 ,1 ,3 ,0 ,0 ,0 ,NRB
4.861 ,0 ,45.5 ,0 ,1.113 ,0 ,0 ,3 ,0 ,0 ,0 ,0 ,0 ,NRB
4.802 ,0 ,42.9 ,0 ,1.119 ,0 ,0 ,3 ,0 ,0 ,0 ,0 ,0 ,NRB
4.783 ,0 ,42.9 ,0 ,1.119 ,0 ,0 ,3 ,0 ,0 ,0 ,0 ,0 ,NRB
5 ,0 ,45.5 ,0 ,1.113 ,0 ,0 ,6 ,0 ,0 ,0 ,0 ,0 ,NRB
5.352 ,0 ,53.8 ,8 ,1.099 ,0 ,0 ,6 ,0 ,1 ,2 ,1 ,0 ,NRB
4.88 ,0 ,50 ,4 ,1.104 ,0 ,0 ,2 ,0 ,2 ,0 ,0 ,0 ,NRB
5.393 ,0 ,47.4 ,0 ,1.109 ,0 ,0 ,2 ,0 ,0 ,0 ,0 ,0 ,NRB
5.124 ,0 ,42.3 ,10 ,1.12 ,0 ,0 ,4 ,0 ,2 ,0 ,0 ,0 ,NRB
4.802 ,0 ,39.1 ,3 ,1.137 ,0 ,0 ,3 ,0 ,0 ,4 ,3 ,0 ,NRB
4.931 ,0 ,41.2 ,4 ,1.137 ,1 ,0 ,3 ,0 ,1 ,6 ,3 ,0 ,NRB
4.499 ,0 ,46.7 ,0 ,1.116 ,0 ,0 ,1 ,0 ,0 ,2 ,1 ,0 ,NRB
4.414 ,0 ,38.5 ,0 ,1.141 ,0 ,0 ,1 ,0 ,0 ,3 ,2 ,0 ,NRB
4.414 ,0 ,38.5 ,0 ,1.141 ,0 ,0 ,1 ,0 ,1 ,4 ,2 ,0 ,NRB
4.414 ,0 ,38.5 ,0 ,1.141 ,0 ,0 ,1 ,0 ,1 ,4 ,2 ,0 ,NRB
5.003 ,0 ,50 ,2 ,1.109 ,0 ,0 ,3 ,0 ,1 ,3 ,1 ,0 ,NRB
5.047 ,0 ,52.2 ,0 ,1.09 ,0 ,0 ,6 ,0 ,4 ,4 ,1 ,0 ,NRB
5.29 ,0 ,30 ,8 ,1.136 ,0 ,0 ,1 ,0 ,0 ,5 ,2 ,0 ,NRB
5 ,0 ,41.5 ,0 ,1.128 ,0 ,0 ,2 ,0 ,2 ,6 ,3 ,0 ,NRB
4.802 ,0 ,45 ,0 ,1.079 ,0 ,0 ,3 ,0 ,0 ,2 ,2 ,0 ,NRB
5.775 ,0 ,47.9 ,14 ,1.111 ,0 ,0 ,11 ,0 ,5 ,8 ,2 ,1 ,NRB
4.837 ,0 ,28.1 ,0 ,1.153 ,0 ,0 ,1 ,0 ,0 ,3 ,5 ,0 ,NRB
4.971 ,0 ,52 ,0 ,1.095 ,0 ,0 ,2 ,1 ,1 ,0 ,0 ,0 ,NRB
5 ,0 ,25 ,0 ,1.135 ,0 ,1 ,0 ,0 ,0 ,0 ,0 ,0 ,NRB
5.345 ,0 ,32.7 ,32 ,1.14 ,0 ,0 ,0 ,0 ,0 ,0 ,0 ,0 ,NRB
4.782 ,0 ,38.9 ,6 ,1.132 ,1 ,0 ,1 ,0 ,2 ,2 ,1 ,0 ,NRB
4.965 ,0 ,38.9 ,6 ,1.132 ,1 ,0 ,1 ,0 ,2 ,2 ,1 ,0 ,NRB
4.856 ,0 ,42.1 ,2 ,1.115 ,0 ,0 ,1 ,1 ,3 ,0 ,0 ,0 ,NRB
5.516 ,0 ,41.4 ,8 ,1.118 ,0 ,0 ,2 ,0 ,4 ,4 ,2 ,0 ,NRB
4.862 ,0 ,37.5 ,3 ,1.132 ,0 ,0 ,1 ,1 ,3 ,2 ,2 ,0 ,NRB
4.845 ,1 ,46.2 ,0 ,1.114 ,0 ,0 ,2 ,1 ,4 ,6 ,2 ,0 ,NRB
5.014 ,0 ,56.5 ,0 ,1.09 ,0 ,0 ,6 ,0 ,0 ,0 ,0 ,0 ,NRB
5.188 ,0 ,45 ,6 ,1.116 ,0 ,0 ,3 ,0 ,0 ,3 ,1 ,0 ,NRB
5.715 ,0 ,43.3 ,9 ,1.122 ,0 ,0 ,5 ,0 ,3 ,6 ,3 ,1 ,NRB
5.414 ,2 ,42.5 ,3 ,1.124 ,0 ,0 ,4 ,1 ,3 ,10 ,3 ,0 ,NRB
4.593 ,0 ,29.6 ,0 ,1.149 ,0 ,0 ,1 ,0 ,0 ,3 ,1 ,0 ,NRB
4.768 ,0 ,33.3 ,2 ,1.133 ,0 ,0 ,1 ,0 ,0 ,3 ,2 ,0 ,NRB
5.115 ,0 ,53.3 ,6 ,1.103 ,0 ,0 ,6 ,0 ,2 ,8 ,2 ,0 ,NRB
5.28 ,0 ,54.5 ,10 ,1.092 ,0 ,0 ,6 ,0 ,2 ,4 ,1 ,0 ,NRB
5.003 ,1 ,37.1 ,8 ,1.137 ,1 ,0 ,2 ,1 ,6 ,15 ,5 ,0 ,NRB
4 ,0 ,20 ,0 ,1.132 ,0 ,0 ,0 ,0 ,0 ,0 ,0 ,0 ,NRB
3.414 ,0 ,25 ,0 ,1.116 ,0 ,0 ,0 ,0 ,0 ,0 ,0 ,0 ,NRB
4.517 ,0 ,40 ,0 ,1.129 ,0 ,0 ,1 ,0 ,1 ,3 ,1 ,0 ,NRB
5.461 ,0 ,29.4 ,0 ,1.151 ,0 ,0 ,1 ,0 ,0 ,3 ,2 ,0 ,NRB
5.018 ,0 ,50 ,8 ,1.104 ,0 ,0 ,3 ,0 ,0 ,0 ,0 ,0 ,NRB
4.802 ,0 ,43.8 ,0 ,1.109 ,0 ,0 ,3 ,0 ,2 ,4 ,2 ,0 ,NRB
5.014 ,0 ,57.1 ,0 ,1.075 ,0 ,0 ,6 ,0 ,0 ,0 ,0 ,0 ,NRB
4.303 ,0 ,30 ,0 ,1.133 ,0 ,0 ,1 ,0 ,0 ,1 ,2 ,0 ,NRB
5.359 ,0 ,32 ,0 ,1.141 ,0 ,0 ,0 ,0 ,0 ,0 ,0 ,0 ,NRB
4.214 ,0 ,22.2 ,0 ,1.171 ,0 ,0 ,0 ,0 ,0 ,2 ,2 ,0 ,NRB
3.802 ,0 ,20 ,0 ,1.179 ,0 ,0 ,0 ,0 ,0 ,4 ,3 ,0 ,NRB
3.902 ,0 ,21.4 ,0 ,1.175 ,0 ,0 ,0 ,0 ,0 ,6 ,4 ,0 ,NRB
5.086 ,0 ,25 ,3 ,1.156 ,0 ,0 ,0 ,0 ,0 ,0 ,0 ,0 ,NRB
3.973 ,0 ,31.6 ,0 ,1.137 ,0 ,0 ,0 ,0 ,0 ,0 ,0 ,0 ,NRB
4.214 ,0 ,20 ,0 ,1.199 ,0 ,0 ,0 ,0 ,0 ,0 ,4 ,0 ,NRB
4.5 ,0 ,31.3 ,0 ,1.133 ,0 ,0 ,0 ,0 ,0 ,0 ,0 ,0 ,NRB
5.259 ,0 ,23.1 ,9 ,1.149 ,0 ,0 ,0 ,0 ,0 ,0 ,0 ,0 ,NRB
5.236 ,0 ,17.6 ,9 ,1.155 ,0 ,0 ,0 ,0 ,0 ,0 ,0 ,0 ,NRB
5.271 ,0 ,30 ,15 ,1.142 ,0 ,0 ,0 ,0 ,0 ,0 ,0 ,0 ,NRB
5.262 ,0 ,30.5 ,0 ,1.135 ,0 ,0 ,0 ,1 ,0 ,0 ,0 ,0 ,NRB
4.807 ,0 ,36.8 ,0 ,1.14 ,0 ,0 ,1 ,0 ,2 ,4 ,2 ,0 ,NRB
4.807 ,0 ,40 ,0 ,1.129 ,0 ,0 ,1 ,0 ,1 ,2 ,1 ,0 ,NRB
4.83 ,0 ,41.5 ,0 ,1.126 ,0 ,0 ,2 ,0 ,2 ,4 ,2 ,0 ,NRB
5.201 ,0 ,40 ,12 ,1.129 ,1 ,0 ,1 ,0 ,1 ,2 ,1 ,0 ,NRB
5.489 ,0 ,37.8 ,40 ,1.129 ,0 ,0 ,4 ,0 ,4 ,0 ,0 ,0 ,NRB
5.385 ,0 ,33.3 ,6 ,1.126 ,0 ,0 ,1 ,1 ,3 ,2 ,1 ,0 ,NRB
5.511 ,0 ,44.4 ,12 ,1.105 ,0 ,0 ,2 ,0 ,4 ,0 ,0 ,0 ,NRB
5.016 ,0 ,37.5 ,8 ,1.13 ,0 ,0 ,3 ,0 ,0 ,0 ,0 ,0 ,NRB
4.694 ,0 ,32.5 ,0 ,1.137 ,0 ,0 ,2 ,0 ,0 ,4 ,2 ,0 ,NRB
5.665 ,0 ,51.4 ,0 ,1.085 ,0 ,0 ,3 ,1 ,3 ,0 ,0 ,0 ,NRB
5.307 ,0 ,52.2 ,4 ,1.03 ,0 ,0 ,2 ,0 ,12 ,0 ,0 ,0 ,NRB
5.493 ,0 ,40 ,12 ,1.125 ,0 ,0 ,4 ,0 ,3 ,0 ,0 ,0 ,NRB
5.511 ,0 ,48.4 ,0 ,1.108 ,0 ,0 ,4 ,0 ,2 ,4 ,1 ,0 ,NRB
5.392 ,0 ,36.8 ,12 ,1.121 ,0 ,0 ,2 ,0 ,4 ,4 ,2 ,0 ,NRB
5.35 ,0 ,53.3 ,18 ,1.092 ,0 ,0 ,6 ,1 ,4 ,0 ,0 ,2 ,NRB
5.119 ,0 ,54.5 ,0 ,1.094 ,0 ,0 ,7 ,0 ,0 ,0 ,0 ,0 ,NRB
5.039 ,0 ,50 ,2 ,1.104 ,0 ,0 ,3 ,0 ,0 ,0 ,0 ,0 ,NRB
4.303 ,1 ,20 ,0 ,1.199 ,0 ,0 ,1 ,0 ,0 ,2 ,4 ,0 ,NRB
5.431 ,0 ,30 ,2 ,1.148 ,0 ,0 ,1 ,0 ,0 ,6 ,1 ,0 ,NRB
4.792 ,0 ,30 ,0 ,1.106 ,0 ,0 ,2 ,0 ,0 ,4 ,2 ,0 ,NRB
4 ,0 ,28.6 ,0 ,1.149 ,0 ,0 ,1 ,0 ,0 ,0 ,0 ,0 ,NRB
4.732 ,0 ,20 ,0 ,1.199 ,0 ,0 ,1 ,0 ,0 ,0 ,6 ,0 ,NRB
5.493 ,0 ,38.1 ,24 ,1.131 ,0 ,0 ,4 ,0 ,3 ,3 ,3 ,0 ,NRB
4.838 ,0 ,33.3 ,0 ,1.145 ,0 ,0 ,3 ,0 ,0 ,5 ,2 ,0 ,NRB
4.732 ,0 ,30 ,0 ,1.154 ,0 ,0 ,3 ,0 ,0 ,6 ,2 ,0 ,NRB
5.02 ,0 ,42.3 ,6 ,1.123 ,0 ,0 ,2 ,0 ,2 ,6 ,2 ,0 ,NRB
5.02 ,2 ,45.7 ,6 ,1.118 ,0 ,0 ,4 ,1 ,6 ,18 ,6 ,0 ,NRB
5.325 ,0 ,50 ,6 ,1.095 ,0 ,0 ,3 ,1 ,4 ,2 ,1 ,0 ,NRB
4.782 ,0 ,30.8 ,4 ,1.147 ,0 ,0 ,1 ,0 ,0 ,1 ,1 ,0 ,NRB
4.214 ,0 ,33.3 ,0 ,1.138 ,0 ,0 ,0 ,0 ,0 ,0 ,0 ,0 ,NRB
5.164 ,0 ,27.3 ,0 ,1.131 ,0 ,0 ,0 ,1 ,0 ,0 ,0 ,0 ,NRB
4.17 ,0 ,33.3 ,0 ,1.11 ,0 ,0 ,0 ,0 ,0 ,0 ,0 ,0 ,NRB
4.303 ,0 ,23.5 ,2 ,1.164 ,0 ,0 ,0 ,0 ,0 ,2 ,1 ,0 ,NRB
5.164 ,0 ,26.3 ,6 ,1.153 ,0 ,0 ,0 ,0 ,0 ,0 ,0 ,0 ,NRB
5.303 ,0 ,26.1 ,9 ,1.154 ,0 ,0 ,0 ,0 ,0 ,0 ,0 ,0 ,NRB
5.098 ,0 ,26.1 ,0 ,1.157 ,0 ,0 ,0 ,0 ,0 ,4 ,1 ,0 ,NRB
4.438 ,0 ,26.1 ,0 ,1.157 ,0 ,0 ,0 ,0 ,0 ,3 ,1 ,0 ,NRB
5.236 ,0 ,23.8 ,4 ,1.162 ,0 ,0 ,0 ,0 ,0 ,3 ,1 ,0 ,NRB
3.879 ,0 ,29.6 ,2 ,1.146 ,0 ,0 ,0 ,0 ,0 ,0 ,0 ,0 ,NRB
5.283 ,0 ,29.6 ,14 ,1.146 ,0 ,0 ,0 ,0 ,0 ,0 ,0 ,0 ,NRB
5.333 ,0 ,25.6 ,24 ,1.155 ,0 ,0 ,0 ,0 ,0 ,0 ,0 ,0 ,NRB
4.482 ,0 ,27.3 ,3 ,1.151 ,0 ,0 ,0 ,0 ,0 ,0 ,0 ,0 ,NRB
4.412 ,0 ,32.2 ,4 ,1.142 ,0 ,0 ,0 ,0 ,0 ,4 ,2 ,0 ,NRB
4.675 ,0 ,27.3 ,0 ,1.155 ,0 ,0 ,0 ,0 ,0 ,3 ,1 ,0 ,NRB
5.182 ,0 ,21.1 ,2 ,1.119 ,0 ,0 ,0 ,0 ,0 ,0 ,0 ,0 ,NRB
5.27 ,0 ,25.7 ,12 ,1.119 ,0 ,0 ,0 ,0 ,0 ,0 ,0 ,0 ,NRB
5.184 ,0 ,25 ,8 ,1.147 ,0 ,0 ,0 ,0 ,0 ,0 ,0 ,0 ,NRB
5.509 ,0 ,29.6 ,6 ,1.132 ,0 ,0 ,0 ,0 ,0 ,0 ,0 ,0 ,NRB
5.349 ,0 ,29.8 ,3 ,1.134 ,0 ,0 ,0 ,0 ,0 ,0 ,0 ,0 ,NRB
5.333 ,0 ,31.7 ,0 ,1.136 ,0 ,0 ,0 ,0 ,0 ,0 ,0 ,0 ,NRB
4.481 ,0 ,36 ,0 ,1.136 ,0 ,0 ,0 ,0 ,0 ,3 ,1 ,0 ,NRB
5.333 ,0 ,27.9 ,18 ,1.15 ,0 ,0 ,0 ,0 ,0 ,0 ,0 ,0 ,NRB
5.511 ,0 ,48 ,8 ,1.092 ,0 ,0 ,2 ,1 ,4 ,0 ,0 ,0 ,NRB
5.138 ,0 ,46.7 ,4 ,1.1 ,0 ,0 ,1 ,1 ,3 ,0 ,0 ,0 ,NRB
4.912 ,0 ,40 ,0 ,1.129 ,0 ,0 ,1 ,0 ,1 ,2 ,1 ,0 ,NRB
4.732 ,0 ,40 ,0 ,1.129 ,0 ,0 ,1 ,0 ,1 ,2 ,1 ,0 ,NRB
4.616 ,0 ,39.1 ,0 ,1.13 ,0 ,0 ,1 ,0 ,1 ,3 ,1 ,0 ,NRB
4.75 ,0 ,40.9 ,0 ,1.126 ,0 ,0 ,2 ,0 ,3 ,8 ,2 ,0 ,NRB
4.739 ,0 ,42.9 ,0 ,1.123 ,0 ,0 ,2 ,0 ,3 ,8 ,2 ,0 ,NRB
4.88 ,0 ,40 ,0 ,1.127 ,0 ,0 ,3 ,0 ,1 ,4 ,1 ,0 ,NRB
4.596 ,0 ,37.5 ,0 ,1.14 ,0 ,0 ,1 ,0 ,2 ,4 ,2 ,0 ,NRB
4.596 ,0 ,42.9 ,0 ,1.121 ,0 ,0 ,1 ,1 ,2 ,2 ,1 ,0 ,NRB
4.732 ,0 ,42.9 ,0 ,1.121 ,0 ,0 ,1 ,1 ,2 ,2 ,1 ,0 ,NRB
4.77 ,0 ,39.1 ,0 ,1.13 ,0 ,0 ,1 ,0 ,1 ,2 ,1 ,0 ,NRB
5.005 ,0 ,39.4 ,0 ,1.128 ,0 ,0 ,3 ,0 ,1 ,4 ,1 ,0 ,NRB
4.923 ,0 ,41.2 ,4 ,1.127 ,1 ,0 ,1 ,0 ,1 ,2 ,1 ,0 ,NRB
4.77 ,0 ,41.2 ,4 ,1.127 ,1 ,0 ,1 ,0 ,1 ,2 ,1 ,0 ,NRB
5.027 ,0 ,40.9 ,4 ,1.123 ,0 ,0 ,1 ,0 ,1 ,0 ,0 ,0 ,NRB
4.845 ,0 ,38.1 ,2 ,1.133 ,0 ,0 ,1 ,0 ,2 ,2 ,1 ,0 ,NRB
4.732 ,0 ,50 ,4 ,1.104 ,0 ,0 ,2 ,0 ,2 ,0 ,0 ,0 ,NRB
5.979 ,0 ,37.5 ,10 ,1.162 ,0 ,1 ,2 ,0 ,4 ,6 ,2 ,0 ,NRB
5.395 ,0 ,40 ,6 ,1.119 ,0 ,0 ,2 ,0 ,4 ,0 ,0 ,0 ,NRB
4.849 ,0 ,39.3 ,2 ,1.129 ,0 ,0 ,1 ,0 ,1 ,4 ,1 ,0 ,NRB
5.268 ,0 ,57.1 ,0 ,1.085 ,0 ,0 ,1 ,1 ,4 ,2 ,2 ,0 ,NRB
5.313 ,0 ,35 ,4 ,1.125 ,0 ,0 ,1 ,0 ,1 ,1 ,1 ,0 ,NRB
5.38 ,0 ,33.3 ,10 ,1.129 ,1 ,0 ,1 ,0 ,2 ,2 ,1 ,0 ,NRB
4.876 ,0 ,42.9 ,0 ,1.126 ,0 ,0 ,2 ,0 ,2 ,4 ,3 ,0 ,NRB
4.814 ,0 ,33.3 ,0 ,1.112 ,0 ,0 ,1 ,0 ,0 ,0 ,0 ,0 ,NRB
5.256 ,0 ,37.5 ,2 ,1.13 ,0 ,0 ,1 ,0 ,0 ,0 ,0 ,0 ,NRB
5.105 ,0 ,35.6 ,18 ,1.134 ,0 ,0 ,2 ,0 ,0 ,0 ,0 ,0 ,NRB
5.312 ,0 ,38.5 ,15 ,1.123 ,0 ,0 ,2 ,0 ,2 ,0 ,0 ,0 ,NRB
5.718 ,0 ,45.7 ,0 ,1.09 ,0 ,0 ,3 ,0 ,0 ,0 ,1 ,0 ,NRB
5.446 ,0 ,40 ,12 ,1.111 ,1 ,0 ,2 ,0 ,3 ,2 ,1 ,0 ,NRB
4.65 ,0 ,42.3 ,2 ,1.12 ,0 ,0 ,1 ,0 ,0 ,0 ,0 ,0 ,NRB
5.188 ,0 ,40 ,4 ,1.093 ,0 ,0 ,1 ,0 ,4 ,0 ,0 ,0 ,NRB
4.985 ,0 ,38.7 ,3 ,1.127 ,0 ,0 ,2 ,0 ,0 ,0 ,0 ,0 ,NRB
5.512 ,0 ,40.4 ,4 ,1.124 ,0 ,0 ,2 ,0 ,2 ,0 ,0 ,0 ,NRB
5.349 ,0 ,49.2 ,3 ,1.106 ,0 ,0 ,4 ,0 ,1 ,0 ,0 ,0 ,NRB
5.535 ,0 ,41.2 ,6 ,1.097 ,0 ,0 ,2 ,0 ,6 ,0 ,0 ,0 ,NRB
5.131 ,0 ,50 ,9 ,1.104 ,0 ,0 ,2 ,0 ,0 ,0 ,0 ,1 ,NRB
5.095 ,0 ,34.9 ,11 ,1.137 ,0 ,0 ,2 ,0 ,0 ,2 ,1 ,0 ,NRB
5.993 ,0 ,42.9 ,0 ,1.103 ,0 ,0 ,15 ,1 ,0 ,0 ,0 ,0 ,NRB
5.775 ,0 ,36.7 ,8 ,1.133 ,0 ,0 ,6 ,0 ,0 ,3 ,1 ,0 ,NRB
5.029 ,0 ,46.2 ,0 ,1.115 ,0 ,0 ,3 ,0 ,1 ,3 ,1 ,0 ,NRB
5.092 ,0 ,41.9 ,0 ,1.121 ,0 ,0 ,3 ,0 ,0 ,0 ,0 ,0 ,NRB
5.352 ,0 ,58.3 ,8 ,1.084 ,0 ,0 ,6 ,1 ,1 ,0 ,0 ,0 ,NRB
5.416 ,0 ,51.9 ,11 ,1.097 ,0 ,0 ,6 ,0 ,3 ,2 ,1 ,0 ,NRB
5.386 ,0 ,60 ,8 ,1.083 ,0 ,0 ,10 ,0 ,0 ,0 ,0 ,0 ,NRB
5.418 ,0 ,54.5 ,0 ,1.022 ,0 ,0 ,2 ,0 ,10 ,0 ,0 ,0 ,NRB
4.992 ,0 ,46.2 ,0 ,1.114 ,0 ,0 ,2 ,1 ,4 ,4 ,2 ,0 ,NRB
4.89 ,0 ,46.3 ,0 ,1.113 ,0 ,0 ,2 ,0 ,0 ,1 ,1 ,0 ,NRB
4.644 ,0 ,31.8 ,3 ,1.144 ,0 ,0 ,1 ,0 ,0 ,1 ,2 ,0 ,NRB
4.303 ,0 ,41.7 ,0 ,1.097 ,0 ,0 ,1 ,0 ,0 ,0 ,0 ,0 ,NRB
4.802 ,0 ,46.7 ,0 ,1.078 ,0 ,0 ,3 ,0 ,2 ,2 ,1 ,0 ,NRB
4.802 ,0 ,50 ,0 ,1.069 ,0 ,0 ,6 ,0 ,0 ,4 ,2 ,0 ,NRB
5.199 ,3 ,46.4 ,2 ,1.12 ,0 ,0 ,7 ,0 ,2 ,10 ,3 ,0 ,NRB
4.414 ,0 ,42.9 ,0 ,1.125 ,0 ,0 ,1 ,0 ,0 ,2 ,1 ,0 ,NRB
4.414 ,0 ,45.5 ,0 ,1.116 ,0 ,0 ,1 ,1 ,0 ,2 ,1 ,0 ,NRB
4.499 ,0 ,50 ,0 ,1.118 ,0 ,0 ,1 ,0 ,0 ,3 ,2 ,0 ,NRB
4.414 ,0 ,30 ,0 ,1.149 ,0 ,0 ,1 ,0 ,0 ,2 ,1 ,0 ,NRB
4.861 ,0 ,52.9 ,0 ,1.103 ,0 ,0 ,3 ,0 ,0 ,3 ,1 ,0 ,NRB
5.325 ,0 ,40 ,2 ,1.127 ,0 ,0 ,3 ,0 ,2 ,5 ,1 ,0 ,NRB
4.599 ,0 ,26.7 ,0 ,1.139 ,0 ,0 ,2 ,0 ,0 ,4 ,2 ,0 ,NRB
4 ,0 ,25 ,0 ,1.166 ,0 ,0 ,1 ,0 ,0 ,4 ,2 ,0 ,NRB
4.93 ,0 ,39.1 ,0 ,1.144 ,0 ,0 ,2 ,0 ,0 ,2 ,5 ,0 ,NRB
5.286 ,0 ,36.4 ,12 ,1.14 ,0 ,0 ,1 ,0 ,0 ,3 ,3 ,0 ,NRB
5.067 ,0 ,51.2 ,12 ,1.105 ,0 ,0 ,4 ,0 ,2 ,8 ,2 ,0 ,NRB
5.31 ,1 ,37.5 ,8 ,1.131 ,0 ,0 ,2 ,1 ,4 ,6 ,2 ,0 ,NRB
5.302 ,0 ,31 ,8 ,1.121 ,0 ,0 ,1 ,1 ,2 ,2 ,1 ,0 ,NRB
4.596 ,0 ,30.4 ,0 ,1.148 ,0 ,0 ,1 ,0 ,0 ,4 ,1 ,0 ,NRB
4.799 ,0 ,28 ,0 ,1.164 ,0 ,0 ,1 ,1 ,0 ,2 ,5 ,0 ,NRB
5.065 ,0 ,40.6 ,3 ,1.126 ,0 ,0 ,1 ,0 ,1 ,4 ,1 ,0 ,NRB
5.216 ,0 ,38.8 ,15 ,1.129 ,0 ,0 ,4 ,0 ,0 ,2 ,1 ,0 ,NRB
4.992 ,0 ,43.8 ,0 ,1.122 ,0 ,0 ,2 ,0 ,2 ,4 ,2 ,0 ,NRB
4.85 ,0 ,46.4 ,2 ,1.111 ,0 ,0 ,2 ,1 ,5 ,4 ,2 ,0 ,NRB
4.593 ,0 ,38.9 ,1 ,1.136 ,0 ,0 ,1 ,0 ,1 ,2 ,2 ,0 ,NRB
3.932 ,0 ,40 ,0 ,1.125 ,0 ,0 ,0 ,0 ,0 ,0 ,0 ,0 ,NRB
3 ,0 ,20 ,0 ,1.144 ,0 ,0 ,0 ,0 ,0 ,0 ,0 ,0 ,NRB
3 ,0 ,20 ,0 ,1.123 ,0 ,0 ,0 ,0 ,0 ,0 ,0 ,0 ,NRB
3.732 ,0 ,28.6 ,0 ,1.14 ,0 ,0 ,0 ,1 ,0 ,0 ,0 ,0 ,NRB
3.732 ,0 ,29.4 ,0 ,1.137 ,0 ,0 ,0 ,0 ,0 ,0 ,0 ,0 ,NRB
3.932 ,0 ,31.3 ,0 ,1.133 ,0 ,0 ,0 ,0 ,0 ,0 ,0 ,0 ,NRB
5.303 ,0 ,29.4 ,0 ,1.109 ,0 ,0 ,0 ,0 ,0 ,0 ,0 ,0 ,NRB
5.646 ,0 ,25 ,0 ,1.213 ,0 ,2 ,0 ,0 ,0 ,0 ,0 ,0 ,NRB
4.562 ,0 ,33.3 ,0 ,1.101 ,0 ,0 ,0 ,0 ,0 ,0 ,0 ,0 ,NRB
5.13 ,0 ,30 ,1 ,1.145 ,0 ,0 ,0 ,0 ,0 ,0 ,0 ,0 ,NRB
5.311 ,0 ,29 ,6 ,1.147 ,0 ,0 ,0 ,0 ,0 ,0 ,0 ,0 ,NRB
5.236 ,0 ,25 ,9 ,1.156 ,0 ,0 ,0 ,0 ,0 ,0 ,0 ,0 ,NRB
6.177 ,0 ,29.2 ,1 ,1.317 ,0 ,0 ,0 ,0 ,0 ,0 ,0 ,0 ,NRB
4.362 ,0 ,23.8 ,0 ,1.162 ,0 ,0 ,0 ,0 ,0 ,2 ,1 ,0 ,NRB
4.347 ,0 ,31 ,3 ,1.143 ,0 ,0 ,0 ,0 ,0 ,0 ,0 ,0 ,NRB
4.471 ,0 ,32.3 ,2 ,1.141 ,0 ,0 ,0 ,0 ,0 ,0 ,0 ,0 ,NRB
4.243 ,0 ,31.3 ,4 ,1.143 ,0 ,0 ,2 ,0 ,0 ,0 ,0 ,0 ,NRB
3.902 ,0 ,27.3 ,0 ,1.146 ,0 ,0 ,0 ,0 ,0 ,0 ,0 ,0 ,NRB
5.197 ,0 ,30.4 ,2 ,1.145 ,0 ,0 ,0 ,0 ,0 ,0 ,0 ,0 ,NRB
4.17 ,0 ,25 ,2 ,1.163 ,0 ,0 ,0 ,0 ,0 ,0 ,1 ,0 ,NRB
5.334 ,0 ,36 ,24 ,1.133 ,0 ,0 ,0 ,0 ,0 ,0 ,0 ,0 ,NRB
4.236 ,0 ,31.4 ,1 ,1.144 ,0 ,0 ,0 ,0 ,0 ,1 ,1 ,0 ,NRB
4.724 ,0 ,34.9 ,6 ,1.135 ,0 ,0 ,1 ,0 ,0 ,0 ,0 ,0 ,NRB
5.145 ,0 ,33.3 ,5 ,1.139 ,0 ,0 ,0 ,0 ,0 ,0 ,0 ,0 ,NRB
5.262 ,0 ,25 ,0 ,1.135 ,0 ,1 ,0 ,0 ,0 ,0 ,0 ,0 ,NRB
5.342 ,0 ,32.3 ,24 ,1.135 ,0 ,0 ,0 ,0 ,0 ,0 ,0 ,0 ,NRB
5.291 ,0 ,32 ,7 ,1.141 ,0 ,0 ,0 ,0 ,0 ,0 ,0 ,0 ,NRB
4 ,0 ,20 ,0 ,1.138 ,0 ,0 ,0 ,0 ,0 ,0 ,0 ,0 ,NRB
5.103 ,0 ,28.6 ,5 ,1.149 ,0 ,0 ,0 ,0 ,0 ,0 ,0 ,0 ,NRB
4.343 ,1 ,23.5 ,0 ,1.157 ,0 ,0 ,0 ,0 ,0 ,4 ,3 ,0 ,NRB
4.414 ,1 ,9.1 ,2 ,1.219 ,0 ,0 ,0 ,0 ,0 ,1 ,4 ,0 ,NRB
5.262 ,0 ,23.1 ,9 ,1.143 ,0 ,0 ,0 ,0 ,0 ,0 ,0 ,0 ,NRB
5.284 ,0 ,26.3 ,10 ,1.131 ,0 ,0 ,0 ,0 ,0 ,0 ,0 ,0 ,NRB
5.192 ,0 ,28.6 ,10 ,1.143 ,0 ,0 ,0 ,0 ,0 ,0 ,0 ,0 ,NRB
5.27 ,0 ,27.7 ,6 ,1.145 ,0 ,0 ,0 ,0 ,0 ,6 ,3 ,0 ,NRB
5.331 ,0 ,24.3 ,9 ,1.146 ,0 ,0 ,0 ,0 ,0 ,1 ,1 ,0 ,NRB
5.303 ,0 ,26.3 ,6 ,1.136 ,0 ,0 ,0 ,0 ,0 ,0 ,0 ,0 ,NRB
4.461 ,0 ,25 ,0 ,1.159 ,0 ,0 ,0 ,0 ,0 ,3 ,1 ,0 ,NRB
5.098 ,0 ,27.3 ,0 ,1.151 ,0 ,0 ,0 ,0 ,0 ,0 ,0 ,0 ,NRB
5.102 ,0 ,28.6 ,4 ,1.149 ,0 ,0 ,0 ,0 ,0 ,0 ,0 ,0 ,NRB
5.311 ,0 ,24.4 ,9 ,1.152 ,0 ,0 ,0 ,0 ,0 ,1 ,3 ,0 ,NRB
5.365 ,0 ,40.7 ,0 ,1.123 ,0 ,0 ,1 ,0 ,0 ,0 ,0 ,0 ,NRB
4.923 ,0 ,46.7 ,4 ,1.107 ,0 ,0 ,1 ,1 ,1 ,0 ,0 ,0 ,NRB
4.745 ,0 ,40 ,0 ,1.128 ,0 ,0 ,2 ,0 ,3 ,8 ,2 ,0 ,NRB
4.732 ,0 ,41.2 ,0 ,1.127 ,0 ,0 ,1 ,0 ,1 ,2 ,1 ,0 ,NRB
4.562 ,0 ,41.2 ,0 ,1.127 ,0 ,0 ,1 ,0 ,1 ,2 ,1 ,0 ,NRB
4.835 ,0 ,40.7 ,3 ,1.126 ,0 ,0 ,1 ,0 ,1 ,3 ,1 ,0 ,NRB
4.843 ,0 ,40.9 ,2 ,1.121 ,0 ,0 ,1 ,1 ,3 ,3 ,1 ,0 ,NRB
4.883 ,0 ,40 ,3 ,1.127 ,0 ,0 ,1 ,0 ,1 ,3 ,1 ,0 ,NRB
5.006 ,0 ,33.3 ,8 ,1.153 ,2 ,0 ,1 ,0 ,3 ,6 ,3 ,0 ,NRB
5.386 ,0 ,33.3 ,8 ,1.171 ,2 ,1 ,1 ,0 ,3 ,8 ,3 ,0 ,NRB
4.732 ,0 ,42.9 ,4 ,1.125 ,1 ,0 ,1 ,0 ,1 ,2 ,1 ,0 ,NRB
4.562 ,0 ,40 ,2 ,1.13 ,0 ,0 ,1 ,0 ,2 ,2 ,1 ,0 ,NRB
4.687 ,0 ,38.5 ,3 ,1.131 ,0 ,0 ,1 ,0 ,2 ,3 ,1 ,0 ,NRB
4.77 ,0 ,40 ,6 ,1.13 ,1 ,0 ,1 ,0 ,2 ,2 ,1 ,0 ,NRB
5.163 ,0 ,31.6 ,14 ,1.156 ,3 ,0 ,1 ,0 ,4 ,6 ,3 ,0 ,NRB
5.019 ,0 ,37.5 ,7 ,1.131 ,0 ,0 ,1 ,1 ,4 ,3 ,1 ,0 ,NRB
5.119 ,0 ,46.2 ,2 ,1.095 ,0 ,0 ,1 ,1 ,5 ,0 ,0 ,0 ,NRB
5.26 ,0 ,37.5 ,5 ,1.124 ,0 ,0 ,1 ,1 ,6 ,0 ,0 ,0 ,NRB
4.783 ,0 ,50 ,2 ,1.1 ,0 ,0 ,1 ,1 ,1 ,0 ,0 ,0 ,NRB
5.315 ,0 ,40.7 ,4 ,1.123 ,0 ,0 ,1 ,0 ,0 ,0 ,0 ,0 ,NRB
5.107 ,0 ,39.3 ,8 ,1.126 ,0 ,0 ,1 ,0 ,0 ,0 ,0 ,0 ,NRB
4.882 ,0 ,41.2 ,8 ,1.127 ,1 ,0 ,1 ,0 ,1 ,2 ,1 ,0 ,NRB
5.489 ,0 ,35 ,8 ,1.135 ,0 ,0 ,1 ,0 ,1 ,0 ,0 ,0 ,NRB
4.828 ,0 ,57.1 ,0 ,1.101 ,0 ,0 ,1 ,0 ,0 ,2 ,2 ,0 ,NRB
4.914 ,0 ,40.5 ,3 ,1.128 ,0 ,0 ,2 ,0 ,2 ,7 ,2 ,0 ,NRB
4 ,0 ,33.3 ,0 ,1.138 ,0 ,0 ,1 ,0 ,0 ,0 ,0 ,0 ,NRB
4.733 ,0 ,37.9 ,11 ,1.125 ,0 ,0 ,2 ,0 ,2 ,0 ,0 ,0 ,NRB
4.872 ,0 ,36 ,3 ,1.14 ,0 ,0 ,1 ,0 ,3 ,5 ,2 ,0 ,NRB
5.096 ,0 ,52.2 ,4 ,1.058 ,0 ,0 ,2 ,0 ,8 ,0 ,0 ,0 ,NRB
4.782 ,0 ,40 ,4 ,1.129 ,0 ,0 ,1 ,0 ,1 ,2 ,1 ,0 ,NRB
4.892 ,0 ,36.7 ,7 ,1.134 ,0 ,0 ,1 ,0 ,2 ,0 ,1 ,0 ,NRB
5.451 ,0 ,42.4 ,8 ,1.099 ,0 ,0 ,2 ,1 ,4 ,0 ,0 ,0 ,NRB
5.106 ,0 ,47.1 ,0 ,1.11 ,0 ,0 ,2 ,0 ,0 ,0 ,0 ,0 ,NRB
5.075 ,0 ,48.3 ,9 ,1.108 ,0 ,0 ,2 ,0 ,2 ,0 ,0 ,0 ,NRB
5.459 ,0 ,41.7 ,6 ,1.113 ,0 ,0 ,3 ,0 ,2 ,2 ,1 ,0 ,NRB
5.35 ,0 ,40 ,9 ,1.117 ,0 ,0 ,3 ,0 ,3 ,2 ,1 ,0 ,NRB
5.35 ,0 ,40 ,9 ,1.117 ,0 ,0 ,3 ,0 ,3 ,2 ,1 ,0 ,NRB
5.164 ,0 ,26.7 ,4 ,1.133 ,0 ,0 ,1 ,0 ,0 ,0 ,0 ,0 ,NRB
4.802 ,0 ,39.4 ,0 ,1.113 ,0 ,0 ,4 ,0 ,0 ,5 ,2 ,0 ,NRB
4.562 ,1 ,33.3 ,2 ,1.153 ,0 ,0 ,1 ,0 ,0 ,4 ,2 ,0 ,NRB
5.062 ,0 ,26.3 ,12 ,1.162 ,0 ,0 ,1 ,0 ,0 ,0 ,6 ,0 ,NRB
4.807 ,0 ,26.3 ,0 ,1.131 ,0 ,0 ,1 ,0 ,0 ,0 ,2 ,0 ,NRB
5.051 ,2 ,41.9 ,14 ,1.124 ,0 ,0 ,4 ,1 ,12 ,18 ,6 ,0 ,NRB
3.618 ,0 ,44.4 ,0 ,1.116 ,0 ,0 ,1 ,0 ,0 ,0 ,0 ,0 ,NRB
5.389 ,0 ,41.7 ,9 ,1.113 ,0 ,0 ,3 ,0 ,1 ,2 ,1 ,0 ,NRB
5.318 ,0 ,36.4 ,9 ,1.107 ,0 ,0 ,3 ,0 ,1 ,0 ,0 ,0 ,NRB
5.306 ,0 ,36.2 ,9 ,1.14 ,0 ,0 ,6 ,0 ,2 ,10 ,4 ,0 ,NRB
4.843 ,0 ,34.4 ,7 ,1.139 ,0 ,0 ,1 ,0 ,2 ,0 ,1 ,0 ,NRB
3.618 ,0 ,27.3 ,0 ,1.131 ,0 ,0 ,0 ,1 ,0 ,0 ,0 ,0 ,NRB
5.051 ,0 ,30 ,9 ,1.146 ,0 ,0 ,0 ,0 ,0 ,2 ,1 ,0 ,NRB
4.876 ,0 ,30 ,4 ,1.154 ,0 ,0 ,1 ,0 ,0 ,3 ,2 ,0 ,NRB
4.953 ,0 ,40 ,4 ,1.129 ,1 ,0 ,1 ,0 ,1 ,2 ,1 ,0 ,NRB
5.418 ,0 ,54.5 ,0 ,1.069 ,0 ,0 ,2 ,1 ,10 ,0 ,0 ,0 ,NRB
3.802 ,0 ,30.4 ,0 ,1.144 ,0 ,0 ,0 ,0 ,0 ,0 ,0 ,0 ,RB
3 ,0 ,28.6 ,0 ,1.149 ,0 ,0 ,1 ,0 ,0 ,0 ,0 ,0 ,RB
3.879 ,0 ,28.6 ,0 ,1.151 ,0 ,0 ,0 ,0 ,0 ,2 ,1 ,0 ,RB
5.175 ,0 ,34.5 ,2 ,1.136 ,0 ,0 ,0 ,0 ,0 ,0 ,0 ,0 ,RB
3.618 ,0 ,30.8 ,1 ,1.144 ,0 ,0 ,0 ,0 ,0 ,0 ,0 ,0 ,RB
5.125 ,0 ,30 ,2 ,1.146 ,0 ,0 ,0 ,0 ,0 ,0 ,0 ,0 ,RB
4.404 ,0 ,30.4 ,6 ,1.145 ,0 ,0 ,0 ,0 ,0 ,0 ,0 ,0 ,RB
4.56 ,0 ,33.3 ,10 ,1.139 ,0 ,0 ,0 ,0 ,0 ,0 ,0 ,0 ,RB
3.975 ,0 ,33.3 ,0 ,1.14 ,0 ,0 ,0 ,0 ,0 ,1 ,1 ,0 ,RB
4.732 ,0 ,46.7 ,0 ,1.103 ,0 ,0 ,1 ,1 ,0 ,0 ,0 ,0 ,RB
4.783 ,0 ,41.2 ,4 ,1.122 ,0 ,0 ,1 ,0 ,2 ,0 ,0 ,0 ,RB
4.499 ,0 ,43.8 ,2 ,1.117 ,0 ,0 ,1 ,0 ,0 ,0 ,0 ,0 ,RB
4.77 ,0 ,44.4 ,4 ,1.116 ,0 ,0 ,1 ,0 ,0 ,0 ,0 ,0 ,RB
4.796 ,0 ,44.4 ,4 ,1.116 ,0 ,0 ,1 ,0 ,0 ,0 ,0 ,0 ,RB
4.607 ,0 ,50 ,2 ,1.11 ,0 ,0 ,1 ,0 ,1 ,1 ,1 ,0 ,RB
4.928 ,0 ,34.2 ,6 ,1.137 ,0 ,0 ,1 ,0 ,0 ,0 ,0 ,0 ,RB
3.618 ,0 ,33.3 ,0 ,1.157 ,0 ,0 ,1 ,0 ,0 ,2 ,2 ,0 ,RB
4.414 ,0 ,41.7 ,1 ,1.128 ,0 ,0 ,1 ,0 ,1 ,2 ,1 ,0 ,RB
4 ,0 ,27.3 ,0 ,1.137 ,0 ,0 ,0 ,0 ,0 ,0 ,0 ,0 ,RB
3.618 ,0 ,25 ,0 ,1.161 ,0 ,0 ,0 ,0 ,0 ,1 ,1 ,0 ,RB
4.236 ,0 ,32.8 ,1 ,1.141 ,0 ,0 ,0 ,0 ,0 ,1 ,1 ,0 ,RB
4.278 ,0 ,30 ,4 ,1.146 ,0 ,0 ,0 ,0 ,0 ,0 ,0 ,0 ,RB
4.655 ,0 ,31.8 ,6 ,1.142 ,0 ,0 ,0 ,0 ,0 ,0 ,0 ,0 ,RB
4.233 ,0 ,37.5 ,2 ,1.13 ,0 ,0 ,0 ,0 ,0 ,0 ,0 ,0 ,RB
4.691 ,0 ,33.3 ,6 ,1.139 ,0 ,0 ,0 ,0 ,0 ,0 ,0 ,0 ,RB
4.414 ,0 ,42.9 ,0 ,1.125 ,0 ,0 ,1 ,0 ,1 ,2 ,1 ,0 ,RB
4.675 ,0 ,44 ,7 ,1.116 ,0 ,0 ,1 ,0 ,0 ,0 ,0 ,0 ,RB
4.517 ,0 ,42.1 ,1 ,1.12 ,0 ,0 ,1 ,0 ,0 ,0 ,0 ,0 ,RB
4.732 ,0 ,47.1 ,2 ,1.11 ,0 ,0 ,2 ,0 ,0 ,0 ,0 ,0 ,RB
4.788 ,0 ,40.9 ,3 ,1.127 ,0 ,0 ,1 ,0 ,0 ,2 ,1 ,0 ,RB
4.774 ,0 ,45 ,3 ,1.114 ,0 ,0 ,1 ,0 ,0 ,0 ,0 ,0 ,RB
5.096 ,0 ,40 ,10 ,1.125 ,0 ,0 ,1 ,0 ,0 ,0 ,0 ,0 ,RB
4.876 ,0 ,22.7 ,6 ,1.161 ,0 ,0 ,0 ,0 ,0 ,0 ,0 ,0 ,RB
5.035 ,0 ,50 ,6 ,1.104 ,0 ,0 ,2 ,0 ,0 ,0 ,0 ,0 ,RB
4.214 ,0 ,23.1 ,2 ,1.166 ,0 ,0 ,0 ,0 ,0 ,1 ,1 ,0 ,RB
3.879 ,0 ,30.8 ,0 ,1.142 ,0 ,0 ,0 ,1 ,0 ,0 ,0 ,0 ,RB
4.236 ,0 ,33.3 ,2 ,1.138 ,0 ,0 ,0 ,0 ,0 ,0 ,0 ,0 ,RB
4.347 ,0 ,31.7 ,3 ,1.142 ,0 ,0 ,0 ,0 ,0 ,0 ,0 ,0 ,RB
4.343 ,0 ,28.6 ,4 ,1.149 ,0 ,0 ,0 ,0 ,0 ,0 ,0 ,0 ,RB
4.343 ,0 ,31.3 ,3 ,1.143 ,0 ,0 ,0 ,0 ,0 ,0 ,0 ,0 ,RB
5.421 ,0 ,28.6 ,10 ,1.149 ,0 ,0 ,0 ,0 ,0 ,0 ,0 ,0 ,RB
4.947 ,0 ,25 ,6 ,1.156 ,0 ,0 ,0 ,0 ,0 ,0 ,0 ,0 ,RB
4.517 ,0 ,50 ,0 ,1.109 ,0 ,0 ,1 ,0 ,0 ,1 ,1 ,0 ,RB
4.739 ,0 ,35.7 ,7 ,1.134 ,0 ,0 ,1 ,0 ,0 ,0 ,0 ,0 ,RB
3.618 ,0 ,21.4 ,0 ,1.169 ,0 ,0 ,0 ,0 ,0 ,1 ,1 ,0 ,RB
4.303 ,0 ,25 ,0 ,1.159 ,0 ,0 ,0 ,0 ,0 ,2 ,1 ,0 ,RB
3.919 ,0 ,25.9 ,0 ,1.154 ,0 ,0 ,0 ,0 ,0 ,0 ,0 ,0 ,RB
4.17 ,0 ,25 ,0 ,1.149 ,0 ,0 ,0 ,0 ,0 ,0 ,0 ,0 ,RB
5.072 ,0 ,36.4 ,12 ,1.132 ,0 ,0 ,1 ,0 ,0 ,0 ,0 ,2 ,RB
5.089 ,0 ,40 ,14 ,1.125 ,0 ,0 ,3 ,0 ,0 ,0 ,0 ,2 ,RB
4.91 ,0 ,52.6 ,2 ,1.098 ,0 ,0 ,3 ,0 ,1 ,0 ,0 ,0 ,RB
4.977 ,0 ,31 ,9 ,1.143 ,0 ,0 ,1 ,0 ,0 ,0 ,0 ,0 ,RB
5.437 ,0 ,50 ,0 ,1.094 ,0 ,1 ,2 ,1 ,2 ,0 ,0 ,0 ,NRB
5.462 ,2 ,40.8 ,3 ,1.128 ,0 ,0 ,4 ,0 ,2 ,10 ,3 ,0 ,NRB
5.462 ,2 ,40.8 ,3 ,1.127 ,0 ,0 ,4 ,1 ,3 ,10 ,3 ,0 ,NRB
5.994 ,0 ,45.5 ,0 ,1.095 ,0 ,0 ,6 ,1 ,0 ,0 ,0 ,0 ,NRB
5.236 ,0 ,33.3 ,0 ,1.12 ,0 ,0 ,1 ,1 ,0 ,0 ,0 ,0 ,NRB
5.262 ,0 ,14.3 ,0 ,1.166 ,0 ,0 ,0 ,0 ,0 ,0 ,1 ,0 ,NRB
4.303 ,0 ,21.4 ,2 ,1.175 ,0 ,0 ,0 ,0 ,0 ,0 ,2 ,0 ,NRB
5.323 ,0 ,30 ,1 ,1.13 ,0 ,0 ,0 ,0 ,0 ,2 ,2 ,0 ,NRB
4.895 ,0 ,37.5 ,4 ,1.137 ,1 ,0 ,1 ,1 ,3 ,4 ,2 ,0 ,NRB
4.922 ,0 ,35 ,6 ,1.144 ,1 ,0 ,1 ,0 ,3 ,4 ,2 ,0 ,NRB
4.86 ,0 ,40 ,4 ,1.122 ,0 ,0 ,1 ,1 ,3 ,0 ,0 ,0 ,NRB
4.922 ,0 ,41.2 ,4 ,1.137 ,1 ,0 ,1 ,0 ,2 ,5 ,3 ,0 ,NRB
4.732 ,0 ,50 ,0 ,1.16 ,0 ,0 ,1 ,0 ,2 ,0 ,0 ,0 ,NRB
4.919 ,0 ,41 ,0 ,1.125 ,0 ,0 ,6 ,0 ,2 ,8 ,2 ,0 ,NRB
5.299 ,0 ,33.3 ,12 ,1.146 ,0 ,0 ,4 ,0 ,0 ,3 ,3 ,0 ,NRB
6.294 ,0 ,30.6 ,1 ,1.333 ,0 ,0 ,0 ,0 ,0 ,0 ,0 ,0 ,NRB
5.218 ,0 ,29.1 ,7 ,1.142 ,0 ,0 ,0 ,0 ,0 ,0 ,0 ,0 ,NRB
4.377 ,0 ,28.6 ,2 ,1.129 ,0 ,0 ,0 ,0 ,0 ,0 ,0 ,0 ,NRB
4.732 ,0 ,42.9 ,0 ,1.119 ,0 ,0 ,1 ,0 ,0 ,0 ,0 ,0 ,NRB
4.732 ,0 ,46.7 ,0 ,1.107 ,0 ,0 ,1 ,1 ,1 ,0 ,0 ,0 ,NRB
4.562 ,0 ,46.7 ,0 ,1.107 ,0 ,0 ,1 ,1 ,1 ,0 ,0 ,0 ,NRB
4.77 ,0 ,47.4 ,0 ,1.106 ,0 ,0 ,1 ,1 ,1 ,0 ,0 ,0 ,NRB
4.818 ,0 ,38.5 ,0 ,1.131 ,0 ,0 ,1 ,0 ,1 ,4 ,1 ,0 ,NRB
4.807 ,0 ,42.9 ,0 ,1.117 ,0 ,0 ,1 ,1 ,3 ,2 ,1 ,0 ,NRB
4.97 ,0 ,42.9 ,0 ,1.113 ,0 ,0 ,1 ,1 ,4 ,2 ,1 ,0 ,NRB
5 ,1 ,48 ,2 ,1.115 ,0 ,0 ,2 ,0 ,2 ,6 ,2 ,0 ,NRB
4.807 ,0 ,43.8 ,3 ,1.113 ,0 ,0 ,1 ,1 ,2 ,0 ,0 ,0 ,NRB
4.935 ,0 ,46.2 ,2 ,1.091 ,0 ,0 ,1 ,1 ,4 ,0 ,0 ,0 ,NRB
4.96 ,0 ,41.7 ,4 ,1.108 ,0 ,0 ,2 ,0 ,1 ,0 ,0 ,0 ,NRB
4.804 ,0 ,50 ,12 ,1.108 ,0 ,0 ,3 ,0 ,0 ,6 ,2 ,0 ,NRB
5.427 ,0 ,42.9 ,10 ,1.119 ,0 ,0 ,2 ,0 ,0 ,0 ,0 ,0 ,NRB
4.499 ,0 ,40 ,0 ,1.125 ,0 ,0 ,1 ,0 ,0 ,0 ,0 ,0 ,NRB
4.958 ,0 ,32.3 ,3 ,1.141 ,0 ,0 ,1 ,0 ,0 ,0 ,0 ,0 ,NRB
5.338 ,0 ,42.9 ,15 ,1.114 ,0 ,0 ,3 ,0 ,3 ,0 ,0 ,0 ,NRB
5.077 ,0 ,47.1 ,0 ,1.11 ,0 ,0 ,2 ,0 ,0 ,0 ,0 ,0 ,NRB
5.003 ,0 ,55.6 ,0 ,1.089 ,0 ,0 ,3 ,1 ,1 ,0 ,0 ,0 ,NRB
5.026 ,0 ,50 ,3 ,1.104 ,0 ,0 ,3 ,0 ,1 ,0 ,0 ,0 ,NRB
4.91 ,0 ,52.6 ,0 ,1.083 ,0 ,0 ,3 ,0 ,1 ,0 ,0 ,0 ,NRB
5.014 ,0 ,54.5 ,0 ,1.098 ,0 ,0 ,6 ,0 ,0 ,4 ,1 ,0 ,NRB
5.006 ,0 ,46.9 ,4 ,1.109 ,0 ,0 ,2 ,0 ,0 ,0 ,0 ,0 ,NRB
4.953 ,0 ,50 ,6 ,1.097 ,0 ,0 ,2 ,1 ,6 ,0 ,0 ,0 ,NRB
4.523 ,0 ,28.6 ,0 ,1.143 ,0 ,0 ,0 ,1 ,0 ,0 ,0 ,0 ,NRB
4.77 ,0 ,37.5 ,4 ,1.14 ,1 ,0 ,1 ,0 ,2 ,4 ,2 ,0 ,NRB
4.971 ,0 ,38.7 ,4 ,1.13 ,0 ,0 ,1 ,0 ,0 ,3 ,1 ,0 ,NRB
5.379 ,0 ,60.7 ,4 ,1.082 ,0 ,0 ,12 ,0 ,0 ,0 ,0 ,0 ,NRB
5.541 ,0 ,31 ,6 ,1.137 ,0 ,0 ,1 ,0 ,1 ,3 ,2 ,0 ,NRB
5.119 ,0 ,60 ,0 ,1.083 ,0 ,0 ,7 ,0 ,0 ,0 ,0 ,0 ,NRB
4.481 ,0 ,24 ,0 ,1.161 ,0 ,0 ,0 ,0 ,0 ,3 ,1 ,0 ,NRB
4.214 ,0 ,23.1 ,1 ,1.166 ,0 ,0 ,0 ,0 ,0 ,0 ,1 ,0 ,NRB
5.248 ,0 ,20.8 ,5 ,1.133 ,0 ,0 ,0 ,0 ,0 ,1 ,1 ,0 ,NRB
4.953 ,0 ,38.9 ,0 ,1.128 ,0 ,0 ,2 ,0 ,2 ,4 ,1 ,0 ,NRB
4.753 ,0 ,38.9 ,0 ,1.128 ,0 ,0 ,2 ,0 ,2 ,4 ,1 ,0 ,NRB
5.366 ,0 ,35 ,4 ,1.125 ,0 ,0 ,1 ,0 ,1 ,1 ,1 ,0 ,NRB
5.333 ,0 ,41.5 ,15 ,1.117 ,0 ,0 ,3 ,0 ,3 ,0 ,0 ,0 ,NRB
5.31 ,0 ,35.3 ,4 ,1.123 ,0 ,0 ,1 ,0 ,1 ,1 ,1 ,0 ,NRB
5.187 ,0 ,43.5 ,8 ,1.118 ,0 ,0 ,6 ,0 ,0 ,0 ,0 ,0 ,NRB
4.842 ,0 ,41.2 ,6 ,1.127 ,0 ,0 ,1 ,0 ,0 ,3 ,1 ,0 ,NRB
4 ,0 ,26.7 ,0 ,1.158 ,0 ,0 ,1 ,0 ,0 ,2 ,1 ,0 ,NRB
5.286 ,0 ,27.3 ,12 ,1.159 ,0 ,0 ,1 ,0 ,0 ,3 ,3 ,0 ,NRB
5.406 ,0 ,43.9 ,10 ,1.116 ,1 ,0 ,3 ,0 ,5 ,9 ,3 ,0 ,NRB
4.868 ,0 ,34.8 ,2 ,1.143 ,0 ,0 ,1 ,0 ,0 ,5 ,2 ,0 ,NRB
3.618 ,0 ,33.3 ,0 ,1.126 ,0 ,0 ,0 ,1 ,0 ,0 ,0 ,0 ,NRB
3.732 ,0 ,23.5 ,1 ,1.164 ,0 ,0 ,0 ,0 ,0 ,1 ,1 ,0 ,NRB
4.629 ,0 ,31.3 ,3 ,1.148 ,0 ,0 ,0 ,0 ,0 ,1 ,1 ,0 ,NRB
5.328 ,0 ,25.7 ,9 ,1.137 ,0 ,0 ,0 ,1 ,0 ,0 ,0 ,0 ,NRB
5.086 ,0 ,30.8 ,0 ,1.14 ,0 ,0 ,1 ,1 ,0 ,0 ,0 ,0 ,NRB
4.691 ,0 ,26.9 ,0 ,1.155 ,0 ,0 ,0 ,0 ,0 ,6 ,2 ,0 ,NRB
4.757 ,0 ,50 ,0 ,1.108 ,0 ,0 ,3 ,0 ,4 ,8 ,2 ,0 ,NRB
4.593 ,0 ,39.1 ,0 ,1.13 ,0 ,0 ,1 ,0 ,0 ,1 ,1 ,0 ,NRB
5.563 ,0 ,33.3 ,12 ,1.146 ,3 ,0 ,1 ,0 ,3 ,6 ,3 ,0 ,NRB
5.371 ,0 ,39.3 ,3 ,1.126 ,0 ,0 ,1 ,0 ,1 ,0 ,0 ,0 ,NRB
4.901 ,0 ,48 ,8 ,1.107 ,1 ,0 ,2 ,1 ,5 ,2 ,1 ,0 ,NRB
4.973 ,0 ,35 ,6 ,1.144 ,1 ,0 ,1 ,0 ,3 ,4 ,2 ,0 ,NRB
5.42 ,0 ,34.5 ,16 ,1.136 ,0 ,0 ,1 ,0 ,0 ,0 ,0 ,0 ,NRB
5.777 ,0 ,33.3 ,6 ,1.139 ,0 ,0 ,3 ,0 ,0 ,0 ,0 ,0 ,NRB
5.256 ,0 ,34.6 ,2 ,1.136 ,0 ,0 ,1 ,0 ,0 ,0 ,0 ,0 ,NRB
4.928 ,0 ,56.3 ,0 ,1.091 ,0 ,0 ,3 ,0 ,0 ,0 ,0 ,0 ,NRB
4.732 ,0 ,48.1 ,4 ,1.108 ,0 ,0 ,2 ,0 ,2 ,0 ,0 ,0 ,NRB
5.174 ,0 ,42.9 ,11 ,1.121 ,0 ,0 ,2 ,0 ,2 ,4 ,1 ,0 ,NRB
4.924 ,0 ,45.2 ,4 ,1.114 ,0 ,0 ,3 ,0 ,1 ,0 ,0 ,0 ,NRB
5.509 ,0 ,35.7 ,12 ,1.116 ,0 ,0 ,3 ,0 ,3 ,2 ,1 ,0 ,NRB
4.861 ,0 ,35.7 ,0 ,1.133 ,0 ,0 ,3 ,0 ,0 ,0 ,0 ,0 ,NRB
5.735 ,0 ,35.3 ,4 ,1.134 ,0 ,0 ,6 ,0 ,0 ,0 ,0 ,0 ,NRB
5.047 ,0 ,58.3 ,0 ,1.087 ,0 ,0 ,6 ,0 ,0 ,0 ,0 ,0 ,NRB
5.318 ,0 ,53.8 ,8 ,1.099 ,0 ,0 ,6 ,0 ,1 ,2 ,1 ,0 ,NRB
5.408 ,0 ,43.5 ,8 ,1.121 ,0 ,0 ,6 ,0 ,2 ,8 ,2 ,0 ,NRB
4 ,0 ,22.2 ,0 ,1.139 ,0 ,0 ,0 ,0 ,0 ,1 ,1 ,0 ,NRB
4.562 ,0 ,25 ,0 ,1.077 ,0 ,0 ,0 ,0 ,0 ,0 ,0 ,0 ,NRB
5.262 ,0 ,25 ,0 ,1.269 ,0 ,1 ,0 ,0 ,0 ,0 ,0 ,0 ,NRB
4.303 ,0 ,33.3 ,0 ,1.129 ,0 ,0 ,0 ,1 ,0 ,0 ,0 ,0 ,NRB
3.802 ,0 ,26.7 ,0 ,1.145 ,0 ,0 ,0 ,0 ,0 ,0 ,0 ,0 ,NRB
5.086 ,0 ,28.6 ,0 ,1.125 ,0 ,1 ,0 ,0 ,0 ,0 ,0 ,0 ,NRB
4.236 ,0 ,31.9 ,1 ,1.143 ,0 ,0 ,0 ,0 ,0 ,1 ,1 ,0 ,NRB
4.807 ,0 ,42.9 ,0 ,1.119 ,0 ,0 ,1 ,0 ,0 ,0 ,0 ,0 ,NRB
5.236 ,0 ,46.7 ,0 ,1.058 ,0 ,0 ,1 ,0 ,5 ,0 ,0 ,0 ,NRB
4.658 ,0 ,38.1 ,1 ,1.137 ,0 ,0 ,1 ,0 ,2 ,5 ,2 ,0 ,NRB
4.97 ,0 ,40.9 ,4 ,1.123 ,0 ,0 ,1 ,0 ,1 ,0 ,0 ,0 ,NRB
5.399 ,0 ,38.7 ,4 ,1.127 ,0 ,0 ,1 ,0 ,1 ,0 ,0 ,0 ,NRB
5.313 ,0 ,40 ,2 ,1.125 ,0 ,0 ,1 ,0 ,0 ,0 ,0 ,0 ,NRB
5.265 ,0 ,35.3 ,6 ,1.123 ,0 ,0 ,1 ,0 ,0 ,3 ,2 ,0 ,NRB
5.029 ,0 ,46.7 ,10 ,1.111 ,0 ,0 ,3 ,0 ,0 ,0 ,0 ,2 ,NRB
5.431 ,0 ,32.1 ,2 ,1.144 ,0 ,0 ,1 ,0 ,0 ,6 ,1 ,0 ,NRB
5.287 ,0 ,35.3 ,21 ,1.14 ,0 ,0 ,1 ,0 ,0 ,3 ,3 ,0 ,NRB
4.869 ,1 ,44.4 ,9 ,1.123 ,1 ,0 ,3 ,0 ,4 ,13 ,5 ,1 ,NRB
5.158 ,0 ,56.1 ,0 ,1.093 ,0 ,0 ,147 ,1 ,1 ,16 ,8 ,0 ,NRB
5.076 ,0 ,54.5 ,0 ,1.089 ,0 ,0 ,2 ,1 ,2 ,0 ,0 ,0 ,NRB
4.596 ,0 ,44.4 ,0 ,1.115 ,0 ,0 ,1 ,0 ,0 ,0 ,0 ,0 ,RB
5.04 ,0 ,41.2 ,8 ,1.127 ,1 ,0 ,1 ,0 ,1 ,2 ,1 ,0 ,RB
3.618 ,0 ,29.4 ,0 ,1.147 ,0 ,0 ,0 ,0 ,0 ,0 ,0 ,0 ,RB
3.732 ,0 ,30 ,0 ,1.145 ,0 ,0 ,0 ,0 ,0 ,0 ,0 ,0 ,RB
3.732 ,0 ,26.3 ,0 ,1.157 ,0 ,0 ,0 ,0 ,0 ,1 ,1 ,0 ,RB
4.214 ,0 ,25 ,1 ,1.156 ,0 ,0 ,0 ,0 ,0 ,0 ,0 ,0 ,RB
4 ,0 ,30 ,0 ,1.146 ,0 ,0 ,0 ,0 ,0 ,0 ,0 ,0 ,RB
4.694 ,0 ,30 ,4 ,1.146 ,0 ,0 ,0 ,0 ,0 ,0 ,0 ,0 ,RB
4.236 ,0 ,33.3 ,2 ,1.138 ,0 ,0 ,0 ,0 ,0 ,0 ,0 ,0 ,RB
4.17 ,0 ,27.3 ,1 ,1.151 ,0 ,0 ,0 ,0 ,0 ,0 ,0 ,0 ,RB
4.214 ,0 ,33.3 ,1 ,1.139 ,0 ,0 ,0 ,0 ,0 ,0 ,0 ,0 ,RB
4.372 ,0 ,33.3 ,3 ,1.139 ,0 ,0 ,0 ,0 ,0 ,0 ,0 ,0 ,RB
4.347 ,0 ,33.3 ,3 ,1.138 ,0 ,0 ,0 ,0 ,0 ,0 ,0 ,0 ,RB
4.655 ,0 ,35 ,6 ,1.135 ,0 ,0 ,1 ,0 ,0 ,0 ,0 ,0 ,RB
4.468 ,0 ,33.3 ,6 ,1.139 ,0 ,0 ,0 ,0 ,0 ,0 ,0 ,0 ,RB
4.17 ,0 ,26.7 ,2 ,1.152 ,0 ,0 ,0 ,0 ,0 ,0 ,0 ,0 ,RB
4.807 ,0 ,42.1 ,3 ,1.12 ,0 ,0 ,1 ,0 ,1 ,0 ,0 ,0 ,RB
4.828 ,0 ,40 ,4 ,1.125 ,0 ,0 ,1 ,0 ,2 ,0 ,0 ,0 ,RB
4.521 ,0 ,45 ,1 ,1.114 ,0 ,0 ,1 ,0 ,0 ,0 ,0 ,0 ,RB
5.074 ,0 ,38.1 ,14 ,1.129 ,0 ,0 ,1 ,0 ,0 ,0 ,0 ,2 ,RB
5.814 ,0 ,37 ,4 ,1.131 ,0 ,0 ,3 ,0 ,0 ,0 ,0 ,0 ,RB
5.637 ,0 ,38.5 ,0 ,1.128 ,0 ,0 ,3 ,0 ,0 ,0 ,0 ,0 ,RB
4.414 ,0 ,45.5 ,1 ,1.114 ,0 ,0 ,1 ,0 ,0 ,0 ,0 ,0 ,RB
4.651 ,0 ,31.3 ,3 ,1.148 ,0 ,0 ,1 ,0 ,0 ,2 ,1 ,0 ,RB
4.659 ,0 ,23.1 ,4 ,1.144 ,0 ,0 ,0 ,0 ,0 ,4 ,2 ,0 ,RB
4.17 ,0 ,25 ,0 ,1.161 ,0 ,0 ,0 ,0 ,0 ,1 ,1 ,0 ,RB
3 ,0 ,22.2 ,0 ,1.162 ,0 ,0 ,0 ,0 ,0 ,0 ,0 ,0 ,RB
3.732 ,0 ,25 ,2 ,1.156 ,0 ,0 ,0 ,0 ,0 ,0 ,0 ,0 ,RB
3.414 ,0 ,30 ,1 ,1.146 ,0 ,0 ,0 ,0 ,0 ,0 ,0 ,0 ,RB
4.414 ,0 ,31.6 ,1 ,1.142 ,0 ,0 ,0 ,0 ,0 ,0 ,0 ,0 ,RB
4.523 ,0 ,31.6 ,6 ,1.142 ,0 ,0 ,0 ,0 ,0 ,0 ,0 ,0 ,RB
4.38 ,0 ,30.8 ,5 ,1.144 ,0 ,0 ,0 ,0 ,0 ,0 ,0 ,0 ,RB
4.17 ,0 ,22.2 ,0 ,1.162 ,0 ,0 ,0 ,0 ,0 ,0 ,0 ,0 ,RB
4.214 ,0 ,27.3 ,1 ,1.146 ,0 ,0 ,0 ,1 ,0 ,0 ,0 ,0 ,RB
5.098 ,0 ,27.3 ,4 ,1.145 ,0 ,0 ,0 ,0 ,0 ,0 ,0 ,0 ,RB
3.802 ,0 ,31.6 ,1 ,1.142 ,0 ,0 ,0 ,0 ,0 ,0 ,0 ,0 ,RB
4.77 ,0 ,41.7 ,0 ,1.121 ,0 ,0 ,1 ,0 ,0 ,0 ,0 ,0 ,RB
4.517 ,0 ,40 ,0 ,1.129 ,0 ,0 ,1 ,0 ,0 ,1 ,1 ,0 ,RB
4.607 ,0 ,41.2 ,4 ,1.122 ,0 ,0 ,1 ,0 ,2 ,0 ,0 ,0 ,RB
4.97 ,0 ,46.2 ,2 ,1.099 ,0 ,0 ,1 ,1 ,4 ,0 ,0 ,0 ,RB
4.951 ,0 ,38.7 ,9 ,1.127 ,0 ,0 ,1 ,0 ,1 ,0 ,0 ,1 ,RB
4.414 ,0 ,35.3 ,2 ,1.134 ,0 ,0 ,1 ,0 ,0 ,0 ,0 ,0 ,RB
4.414 ,0 ,41.7 ,2 ,1.128 ,0 ,0 ,1 ,0 ,0 ,2 ,1 ,0 ,RB
4.983 ,0 ,23.1 ,8 ,1.16 ,0 ,0 ,0 ,0 ,0 ,0 ,0 ,0 ,RB
4.977 ,0 ,31.6 ,9 ,1.142 ,0 ,0 ,1 ,0 ,0 ,0 ,0 ,0 ,RB
3.732 ,0 ,22.2 ,0 ,1.171 ,0 ,0 ,0 ,0 ,0 ,2 ,2 ,0 ,RB
3.966 ,0 ,30.8 ,0 ,1.145 ,0 ,0 ,0 ,0 ,0 ,2 ,1 ,0 ,RB
3.986 ,0 ,32.1 ,1 ,1.141 ,0 ,0 ,0 ,0 ,0 ,0 ,0 ,0 ,RB
4.235 ,0 ,29.6 ,1 ,1.146 ,0 ,0 ,0 ,0 ,0 ,0 ,0 ,0 ,RB
4.386 ,0 ,32.5 ,8 ,1.14 ,0 ,0 ,0 ,0 ,0 ,0 ,0 ,0 ,RB
4.347 ,0 ,30.8 ,4 ,1.147 ,0 ,0 ,0 ,0 ,0 ,1 ,1 ,0 ,RB
4.562 ,0 ,25 ,2 ,1.156 ,0 ,0 ,0 ,0 ,0 ,0 ,0 ,0 ,RB
4.653 ,0 ,36.2 ,2 ,1.132 ,0 ,0 ,1 ,0 ,1 ,0 ,0 ,0 ,RB
4.882 ,0 ,44.4 ,8 ,1.116 ,0 ,0 ,1 ,0 ,0 ,0 ,0 ,0 ,RB
4.679 ,0 ,44.4 ,4 ,1.116 ,0 ,0 ,1 ,0 ,1 ,0 ,0 ,0 ,RB
3.414 ,0 ,33.3 ,0 ,1.139 ,0 ,0 ,0 ,0 ,0 ,0 ,0 ,0 ,RB
4.462 ,0 ,32.3 ,5 ,1.141 ,0 ,0 ,0 ,0 ,0 ,0 ,0 ,0 ,RB
4.372 ,0 ,29.2 ,3 ,1.147 ,0 ,0 ,0 ,0 ,0 ,0 ,0 ,0 ,RB
4.346 ,0 ,33.3 ,4 ,1.139 ,0 ,0 ,0 ,0 ,0 ,0 ,0 ,0 ,RB
3.902 ,0 ,33.3 ,0 ,1.141 ,0 ,0 ,0 ,0 ,0 ,1 ,1 ,0 ,RB
4.596 ,0 ,42.9 ,4 ,1.119 ,0 ,0 ,1 ,0 ,2 ,0 ,0 ,0 ,RB
4.517 ,0 ,42.1 ,2 ,1.12 ,0 ,0 ,1 ,0 ,1 ,0 ,0 ,0 ,RB
4.842 ,0 ,41.2 ,8 ,1.127 ,1 ,0 ,1 ,0 ,1 ,2 ,1 ,0 ,RB
5.021 ,0 ,38.9 ,10 ,1.127 ,0 ,0 ,1 ,0 ,3 ,0 ,0 ,0 ,RB
4.303 ,0 ,30 ,2 ,1.146 ,0 ,0 ,1 ,0 ,0 ,0 ,0 ,0 ,RB
3.848 ,0 ,25 ,0 ,1.163 ,0 ,0 ,0 ,0 ,0 ,2 ,2 ,0 ,RB
4.347 ,0 ,33.3 ,4 ,1.139 ,0 ,0 ,0 ,0 ,0 ,0 ,0 ,0 ,RB
4.17 ,0 ,33.3 ,0 ,1.145 ,0 ,0 ,0 ,0 ,0 ,1 ,1 ,0 ,RB
4.977 ,0 ,31.4 ,9 ,1.143 ,0 ,0 ,1 ,0 ,0 ,0 ,0 ,0 ,RB
4.982 ,0 ,42.1 ,8 ,1.12 ,0 ,0 ,3 ,0 ,0 ,0 ,0 ,0 ,NRB
5.236 ,0 ,50 ,0 ,1.076 ,0 ,0 ,1 ,1 ,6 ,0 ,0 ,0 ,NRB
5.522 ,0 ,36.7 ,4 ,1.131 ,0 ,0 ,1 ,0 ,1 ,0 ,0 ,0 ,NRB
5.511 ,0 ,30.9 ,14 ,1.144 ,0 ,0 ,1 ,0 ,0 ,0 ,0 ,0 ,NRB
4.88 ,0 ,54.5 ,0 ,1.08 ,0 ,0 ,2 ,0 ,2 ,0 ,0 ,0 ,NRB
5.87 ,0 ,48.3 ,4 ,1.098 ,0 ,1 ,2 ,1 ,2 ,0 ,0 ,0 ,NRB
5.997 ,0 ,46.2 ,0 ,1.099 ,0 ,0 ,10 ,1 ,0 ,0 ,0 ,0 ,NRB
5.494 ,0 ,42.6 ,4 ,1.119 ,0 ,0 ,2 ,0 ,1 ,0 ,0 ,0 ,NRB
5.119 ,0 ,50 ,0 ,1.08 ,0 ,0 ,1 ,1 ,5 ,0 ,0 ,0 ,NRB
5.035 ,0 ,48 ,8 ,1.105 ,1 ,0 ,2 ,1 ,6 ,2 ,1 ,0 ,NRB
5.045 ,0 ,53.3 ,0 ,1.1 ,0 ,0 ,4 ,0 ,2 ,4 ,1 ,0 ,NRB
4.461 ,0 ,25.7 ,0 ,1.161 ,0 ,0 ,0 ,0 ,0 ,4 ,3 ,0 ,NRB
5.382 ,0 ,20 ,6 ,1.162 ,0 ,0 ,0 ,0 ,0 ,2 ,1 ,0 ,NRB
5.029 ,0 ,40 ,4 ,1.129 ,1 ,0 ,1 ,0 ,1 ,2 ,1 ,0 ,NRB
4.782 ,0 ,41.2 ,4 ,1.124 ,1 ,0 ,1 ,1 ,1 ,2 ,1 ,0 ,NRB
5.318 ,0 ,40 ,2 ,1.125 ,0 ,0 ,1 ,0 ,1 ,0 ,0 ,0 ,NRB
4 ,0 ,40 ,0 ,1.125 ,0 ,0 ,1 ,0 ,0 ,0 ,0 ,0 ,NRB
5.2 ,0 ,45.5 ,8 ,1.121 ,2 ,0 ,3 ,0 ,2 ,4 ,2 ,0 ,NRB
4.499 ,0 ,46.7 ,0 ,1.116 ,0 ,0 ,1 ,0 ,0 ,3 ,1 ,0 ,NRB
5.336 ,0 ,58.3 ,6 ,1.07 ,0 ,0 ,6 ,0 ,0 ,2 ,2 ,0 ,NRB
4.517 ,0 ,25 ,0 ,1.166 ,0 ,0 ,1 ,0 ,0 ,6 ,3 ,0 ,NRB
5.072 ,0 ,50 ,9 ,1.104 ,0 ,0 ,2 ,0 ,2 ,0 ,0 ,0 ,NRB
5.125 ,0 ,30.8 ,0 ,1.144 ,0 ,0 ,0 ,0 ,0 ,0 ,0 ,0 ,NRB
5.646 ,0 ,25 ,0 ,1.114 ,0 ,2 ,0 ,0 ,0 ,0 ,0 ,0 ,NRB
5.646 ,0 ,25 ,0 ,1.286 ,0 ,2 ,0 ,0 ,0 ,0 ,0 ,0 ,NRB
4.343 ,1 ,16.7 ,0 ,1.201 ,0 ,0 ,0 ,0 ,0 ,2 ,4 ,0 ,NRB
4.562 ,0 ,50 ,0 ,1.077 ,0 ,0 ,1 ,0 ,2 ,0 ,0 ,0 ,NRB
4.642 ,0 ,40 ,0 ,1.129 ,0 ,0 ,1 ,0 ,1 ,2 ,1 ,0 ,NRB
4.807 ,0 ,42.9 ,0 ,1.117 ,0 ,0 ,1 ,1 ,3 ,2 ,1 ,0 ,NRB
4.895 ,0 ,41.2 ,4 ,1.124 ,1 ,0 ,1 ,1 ,2 ,2 ,1 ,0 ,NRB
5.402 ,0 ,41.2 ,4 ,1.184 ,1 ,1 ,1 ,1 ,2 ,2 ,1 ,0 ,NRB
5.006 ,0 ,37.5 ,8 ,1.137 ,2 ,0 ,1 ,1 ,3 ,4 ,2 ,0 ,NRB
4.958 ,0 ,42.9 ,4 ,1.117 ,1 ,0 ,1 ,1 ,3 ,2 ,1 ,0 ,NRB
5.098 ,0 ,44.8 ,0 ,1.123 ,0 ,0 ,2 ,0 ,2 ,4 ,3 ,0 ,NRB
4.947 ,0 ,40 ,3 ,1.125 ,0 ,0 ,1 ,0 ,1 ,0 ,0 ,0 ,NRB
4.805 ,0 ,40 ,2 ,1.125 ,0 ,0 ,1 ,0 ,1 ,0 ,0 ,0 ,NRB
5.422 ,0 ,37.8 ,3 ,1.129 ,0 ,0 ,1 ,0 ,1 ,0 ,0 ,0 ,NRB
5.489 ,0 ,37.2 ,4 ,1.13 ,0 ,0 ,1 ,0 ,1 ,0 ,0 ,0 ,NRB
4.817 ,0 ,39.4 ,3 ,1.126 ,0 ,0 ,2 ,0 ,1 ,0 ,0 ,0 ,NRB
4.732 ,0 ,46.2 ,2 ,1.108 ,0 ,0 ,1 ,1 ,2 ,0 ,0 ,0 ,NRB
4.619 ,0 ,45.5 ,5 ,1.098 ,0 ,0 ,1 ,1 ,2 ,0 ,0 ,0 ,NRB
4.912 ,0 ,46.2 ,2 ,1.103 ,0 ,0 ,1 ,1 ,3 ,0 ,0 ,0 ,NRB
4.732 ,0 ,46.2 ,2 ,1.103 ,0 ,0 ,1 ,1 ,3 ,0 ,0 ,0 ,NRB
4 ,0 ,37.5 ,0 ,1.13 ,0 ,0 ,1 ,0 ,0 ,0 ,0 ,0 ,NRB
5.236 ,0 ,33.3 ,0 ,1.091 ,0 ,0 ,1 ,1 ,0 ,0 ,0 ,0 ,NRB
5.401 ,0 ,34.6 ,5 ,1.12 ,0 ,0 ,1 ,1 ,6 ,0 ,0 ,0 ,NRB
5.276 ,0 ,31 ,12 ,1.127 ,1 ,0 ,1 ,0 ,2 ,2 ,1 ,0 ,NRB
5.236 ,0 ,46.2 ,2 ,1.051 ,0 ,0 ,1 ,0 ,6 ,0 ,0 ,0 ,NRB
5.295 ,0 ,35.7 ,11 ,1.116 ,0 ,0 ,1 ,1 ,3 ,0 ,0 ,0 ,NRB
4.868 ,0 ,50 ,0 ,1.104 ,0 ,0 ,2 ,0 ,0 ,0 ,0 ,0 ,NRB
5.114 ,0 ,47.1 ,0 ,1.11 ,0 ,0 ,2 ,0 ,0 ,0 ,0 ,0 ,NRB
5.076 ,0 ,42 ,10 ,1.121 ,0 ,0 ,2 ,0 ,2 ,0 ,0 ,0 ,NRB
5.003 ,0 ,50 ,0 ,1.108 ,0 ,0 ,3 ,0 ,1 ,2 ,1 ,0 ,NRB
5.119 ,0 ,45.5 ,0 ,1.121 ,0 ,0 ,3 ,0 ,2 ,4 ,2 ,0 ,NRB
4.835 ,0 ,53.8 ,0 ,1.099 ,0 ,0 ,4 ,0 ,0 ,4 ,1 ,0 ,NRB
4.985 ,0 ,50 ,0 ,1.107 ,0 ,0 ,2 ,0 ,1 ,2 ,1 ,0 ,NRB
3.618 ,0 ,44.4 ,0 ,1.083 ,0 ,0 ,1 ,0 ,0 ,0 ,0 ,0 ,NRB
3.978 ,0 ,32.8 ,1 ,1.141 ,0 ,0 ,0 ,0 ,0 ,1 ,1 ,0 ,NRB
4.17 ,1 ,10 ,0 ,1.183 ,0 ,0 ,0 ,0 ,0 ,1 ,3 ,0 ,NRB
5.382 ,0 ,44.4 ,0 ,1.229 ,0 ,2 ,1 ,0 ,0 ,0 ,0 ,0 ,NRB
4.796 ,0 ,37.5 ,4 ,1.14 ,1 ,0 ,1 ,0 ,2 ,4 ,2 ,0 ,NRB
4.923 ,0 ,40 ,6 ,1.13 ,1 ,0 ,1 ,0 ,2 ,2 ,1 ,0 ,NRB
5.372 ,0 ,34.5 ,6 ,1.129 ,0 ,0 ,1 ,0 ,1 ,2 ,1 ,0 ,NRB
5.054 ,1 ,42.9 ,4 ,1.128 ,1 ,0 ,2 ,1 ,6 ,14 ,6 ,0 ,NRB
5.421 ,0 ,52.6 ,15 ,1.097 ,0 ,0 ,7 ,0 ,5 ,2 ,1 ,0 ,NRB
5.468 ,0 ,50 ,18 ,1.108 ,1 ,0 ,7 ,0 ,5 ,6 ,2 ,0 ,NRB
5.32 ,0 ,42.9 ,0 ,1.122 ,0 ,0 ,3 ,0 ,1 ,5 ,1 ,0 ,NRB
4.303 ,0 ,27.3 ,0 ,1.136 ,0 ,0 ,0 ,1 ,0 ,0 ,0 ,0 ,NRB
5.697 ,0 ,41.4 ,10 ,1.128 ,0 ,0 ,2 ,0 ,0 ,2 ,2 ,0 ,NRB
5 ,0 ,25 ,0 ,1.161 ,0 ,0 ,0 ,0 ,0 ,3 ,1 ,0 ,NRB
3.802 ,0 ,21.1 ,0 ,1.173 ,0 ,0 ,0 ,0 ,0 ,3 ,2 ,0 ,NRB
4.882 ,0 ,39.1 ,4 ,1.13 ,0 ,0 ,1 ,0 ,1 ,2 ,1 ,0 ,NRB
5.375 ,0 ,33.3 ,6 ,1.129 ,0 ,0 ,1 ,0 ,2 ,2 ,1 ,0 ,NRB
5.645 ,0 ,48.3 ,8 ,1.108 ,0 ,0 ,2 ,0 ,0 ,0 ,0 ,0 ,NRB
5.995 ,0 ,39.1 ,8 ,1.112 ,0 ,0 ,3 ,1 ,0 ,0 ,0 ,0 ,NRB
5.38 ,0 ,40 ,8 ,1.125 ,0 ,0 ,6 ,0 ,0 ,0 ,0 ,0 ,NRB
5.423 ,0 ,35.3 ,12 ,1.119 ,0 ,0 ,2 ,1 ,6 ,4 ,2 ,0 ,NRB
5.369 ,0 ,37 ,6 ,1.115 ,0 ,0 ,3 ,0 ,0 ,3 ,1 ,0 ,NRB
4.732 ,0 ,25 ,6 ,1.177 ,0 ,0 ,1 ,0 ,0 ,0 ,3 ,0 ,NRB
5.013 ,1 ,42.4 ,5 ,1.121 ,0 ,0 ,5 ,1 ,4 ,13 ,5 ,0 ,NRB
5.126 ,1 ,47.2 ,6 ,1.117 ,1 ,0 ,4 ,0 ,4 ,8 ,3 ,0 ,NRB
4.923 ,0 ,47.1 ,2 ,1.107 ,0 ,0 ,2 ,1 ,1 ,0 ,0 ,0 ,NRB
2 ,1 ,0 ,0 ,1.235 ,0 ,0 ,0 ,0 ,0 ,0 ,2 ,0 ,NRB
3.902 ,0 ,30.8 ,0 ,1.139 ,0 ,0 ,0 ,1 ,0 ,0 ,0 ,0 ,NRB
5.646 ,0 ,25 ,0 ,1.262 ,0 ,2 ,0 ,0 ,0 ,0 ,0 ,0 ,NRB
4.496 ,0 ,30 ,0 ,1.147 ,0 ,0 ,0 ,0 ,0 ,3 ,1 ,0 ,NRB
4.253 ,0 ,27.8 ,0 ,1.155 ,0 ,0 ,0 ,0 ,0 ,2 ,2 ,0 ,NRB
4.491 ,0 ,28.6 ,0 ,1.151 ,0 ,0 ,0 ,0 ,0 ,3 ,1 ,0 ,NRB
4.38 ,2 ,23.1 ,2 ,1.173 ,0 ,0 ,0 ,0 ,0 ,4 ,4 ,0 ,NRB
4.947 ,0 ,28.6 ,4 ,1.126 ,0 ,0 ,0 ,0 ,0 ,0 ,0 ,0 ,NRB
5.602 ,0 ,20.7 ,6 ,1.164 ,0 ,0 ,0 ,0 ,0 ,0 ,3 ,0 ,NRB
4.732 ,0 ,40 ,0 ,1.129 ,0 ,0 ,1 ,0 ,1 ,2 ,1 ,0 ,NRB
4.783 ,0 ,40 ,0 ,1.129 ,0 ,0 ,1 ,0 ,1 ,2 ,1 ,0 ,NRB
4.796 ,0 ,41.2 ,4 ,1.127 ,1 ,0 ,1 ,0 ,1 ,2 ,1 ,0 ,NRB
4.912 ,0 ,42.1 ,4 ,1.12 ,0 ,0 ,1 ,0 ,1 ,0 ,0 ,0 ,NRB
5.369 ,2 ,32.4 ,12 ,1.134 ,0 ,0 ,2 ,0 ,4 ,2 ,4 ,0 ,NRB
4.856 ,0 ,40.9 ,3 ,1.12 ,0 ,0 ,1 ,1 ,2 ,0 ,0 ,0 ,NRB
4.795 ,0 ,38.5 ,5 ,1.131 ,0 ,0 ,1 ,0 ,1 ,0 ,1 ,0 ,NRB
4.821 ,0 ,36.4 ,4 ,1.132 ,0 ,0 ,4 ,0 ,0 ,0 ,0 ,0 ,NRB
5.301 ,0 ,33.3 ,7 ,1.115 ,0 ,0 ,1 ,0 ,0 ,0 ,0 ,0 ,NRB
5.236 ,0 ,46.2 ,2 ,1.09 ,0 ,0 ,1 ,1 ,6 ,0 ,0 ,0 ,NRB
5.493 ,0 ,38.5 ,0 ,1.128 ,0 ,0 ,3 ,0 ,0 ,0 ,0 ,0 ,NRB
5.352 ,0 ,56 ,11 ,1.092 ,0 ,0 ,6 ,0 ,1 ,0 ,0 ,0 ,NRB
4.893 ,0 ,48.4 ,0 ,1.107 ,0 ,0 ,2 ,0 ,0 ,0 ,0 ,0 ,NRB
4.414 ,0 ,42.9 ,0 ,1.125 ,0 ,0 ,1 ,0 ,0 ,3 ,1 ,0 ,NRB
5.022 ,2 ,44.7 ,6 ,1.12 ,0 ,0 ,4 ,1 ,6 ,18 ,6 ,0 ,NRB
4.816 ,0 ,28.6 ,0 ,1.161 ,0 ,0 ,1 ,1 ,0 ,3 ,5 ,0 ,NRB
5.219 ,0 ,39.6 ,11 ,1.126 ,0 ,0 ,2 ,0 ,0 ,0 ,0 ,0 ,NRB
5.014 ,0 ,57.1 ,4 ,1.089 ,0 ,0 ,6 ,0 ,0 ,0 ,0 ,0 ,NRB
3.618 ,0 ,27.3 ,0 ,1.122 ,0 ,0 ,0 ,0 ,0 ,0 ,0 ,0 ,NRB
4.947 ,0 ,40 ,0 ,1.091 ,0 ,0 ,0 ,1 ,0 ,0 ,0 ,0 ,NRB
5.303 ,0 ,23.8 ,12 ,1.159 ,0 ,0 ,0 ,0 ,0 ,0 ,0 ,0 ,NRB
3.98 ,0 ,31.3 ,0 ,1.134 ,0 ,0 ,0 ,0 ,0 ,0 ,0 ,0 ,NRB
5.332 ,0 ,36.6 ,18 ,1.132 ,0 ,0 ,0 ,0 ,0 ,0 ,0 ,0 ,NRB
5.332 ,0 ,35.9 ,21 ,1.133 ,0 ,0 ,0 ,0 ,0 ,0 ,0 ,0 ,NRB
4.414 ,0 ,28.6 ,1 ,1.145 ,0 ,0 ,0 ,1 ,0 ,0 ,0 ,0 ,NRB
5.35 ,0 ,29.4 ,16 ,1.147 ,0 ,0 ,0 ,0 ,0 ,0 ,0 ,0 ,NRB
4.17 ,0 ,20 ,0 ,1.117 ,0 ,0 ,0 ,0 ,0 ,0 ,1 ,0 ,NRB
5.646 ,0 ,26.7 ,0 ,1.141 ,0 ,1 ,0 ,1 ,0 ,0 ,0 ,0 ,NRB
5.384 ,0 ,28.6 ,8 ,1.148 ,0 ,0 ,0 ,0 ,0 ,0 ,0 ,0 ,NRB
5.351 ,0 ,31.2 ,5 ,1.136 ,0 ,0 ,0 ,0 ,0 ,0 ,0 ,0 ,NRB
4.522 ,0 ,36 ,0 ,1.14 ,0 ,0 ,1 ,0 ,0 ,3 ,2 ,0 ,NRB
5.029 ,0 ,42.9 ,4 ,1.117 ,1 ,0 ,1 ,1 ,3 ,2 ,1 ,0 ,NRB
4.965 ,0 ,42.9 ,4 ,1.117 ,1 ,0 ,1 ,1 ,3 ,2 ,1 ,0 ,NRB
4.675 ,0 ,52.2 ,4 ,1.099 ,0 ,0 ,2 ,0 ,2 ,0 ,0 ,0 ,NRB
4.807 ,0 ,46.2 ,2 ,1.103 ,0 ,0 ,1 ,1 ,3 ,0 ,0 ,0 ,NRB
4.543 ,0 ,47.6 ,1 ,1.109 ,0 ,0 ,1 ,0 ,0 ,0 ,0 ,0 ,NRB
5.072 ,0 ,35.4 ,12 ,1.134 ,0 ,0 ,1 ,0 ,0 ,0 ,0 ,2 ,NRB
4.732 ,0 ,42.9 ,0 ,1.091 ,0 ,0 ,1 ,1 ,1 ,0 ,0 ,0 ,NRB
5.272 ,0 ,36 ,8 ,1.114 ,0 ,0 ,1 ,0 ,1 ,1 ,1 ,0 ,NRB
4.928 ,0 ,45 ,0 ,1.114 ,0 ,0 ,3 ,0 ,0 ,0 ,0 ,0 ,NRB
5.161 ,0 ,46.4 ,13 ,1.112 ,0 ,0 ,2 ,0 ,4 ,0 ,0 ,0 ,NRB
5.092 ,0 ,51.5 ,6 ,1.103 ,0 ,0 ,4 ,0 ,2 ,3 ,1 ,0 ,NRB
3 ,0 ,25 ,0 ,1.136 ,0 ,0 ,0 ,0 ,0 ,0 ,0 ,0 ,NRB
4.414 ,0 ,46.7 ,0 ,1.111 ,0 ,0 ,1 ,0 ,0 ,0 ,0 ,0 ,RB
3.919 ,0 ,27.6 ,1 ,1.151 ,0 ,0 ,0 ,0 ,0 ,0 ,0 ,0 ,RB
4.383 ,0 ,31.6 ,4 ,1.142 ,0 ,0 ,0 ,0 ,0 ,0 ,0 ,0 ,RB
4.896 ,0 ,40.9 ,6 ,1.123 ,0 ,0 ,1 ,0 ,2 ,0 ,0 ,0 ,RB
4.882 ,0 ,37.5 ,10 ,1.13 ,0 ,0 ,1 ,0 ,0 ,0 ,0 ,2 ,RB
5.313 ,0 ,36.8 ,6 ,1.116 ,0 ,0 ,1 ,0 ,1 ,0 ,0 ,0 ,RB
4.641 ,0 ,44.4 ,4 ,1.116 ,0 ,0 ,1 ,0 ,1 ,0 ,0 ,0 ,RB
3.732 ,0 ,33.3 ,0 ,1.138 ,0 ,0 ,0 ,0 ,0 ,0 ,0 ,0 ,RB
3.966 ,0 ,31.4 ,1 ,1.143 ,0 ,0 ,0 ,0 ,0 ,0 ,0 ,0 ,RB
3.618 ,0 ,23.1 ,0 ,1.16 ,0 ,0 ,0 ,0 ,0 ,0 ,0 ,0 ,RB
4.228 ,0 ,29.4 ,2 ,1.147 ,0 ,0 ,0 ,0 ,0 ,0 ,0 ,0 ,RB
4.346 ,0 ,31.6 ,3 ,1.142 ,0 ,0 ,0 ,0 ,0 ,0 ,0 ,0 ,RB
4.495 ,0 ,32 ,5 ,1.141 ,0 ,0 ,0 ,0 ,0 ,0 ,0 ,0 ,RB
4.953 ,0 ,40 ,4 ,1.129 ,0 ,0 ,1 ,0 ,1 ,2 ,1 ,0 ,RB
5.313 ,0 ,34.5 ,2 ,1.136 ,0 ,0 ,1 ,0 ,0 ,0 ,0 ,0 ,RB
3.732 ,0 ,25 ,0 ,1.156 ,0 ,0 ,0 ,0 ,0 ,0 ,0 ,0 ,RB
4.17 ,0 ,26.7 ,1 ,1.152 ,0 ,0 ,0 ,0 ,0 ,0 ,0 ,0 ,RB
4.842 ,0 ,44.4 ,8 ,1.116 ,0 ,0 ,1 ,0 ,0 ,0 ,0 ,0 ,RB
4.77 ,0 ,38.5 ,0 ,1.128 ,0 ,0 ,1 ,0 ,0 ,0 ,0 ,0 ,RB
4 ,0 ,45.5 ,0 ,1.121 ,0 ,0 ,1 ,0 ,0 ,2 ,1 ,0 ,RB
6.496 ,0 ,33.3 ,0 ,1.365 ,0 ,2 ,1 ,0 ,0 ,0 ,0 ,0 ,NRB
5.998 ,0 ,44.4 ,3 ,1.103 ,0 ,0 ,15 ,1 ,0 ,0 ,0 ,0 ,NRB
4.263 ,0 ,25.8 ,0 ,1.159 ,0 ,0 ,0 ,0 ,0 ,2 ,2 ,0 ,NRB
4.845 ,0 ,40 ,2 ,1.11 ,0 ,0 ,1 ,0 ,2 ,0 ,0 ,0 ,NRB
5.22 ,0 ,50 ,9 ,1.104 ,0 ,0 ,6 ,0 ,2 ,0 ,0 ,0 ,NRB
5.016 ,0 ,40.9 ,8 ,1.123 ,0 ,0 ,3 ,0 ,0 ,0 ,0 ,0 ,NRB
4.517 ,0 ,44.4 ,0 ,1.112 ,0 ,0 ,1 ,1 ,0 ,0 ,0 ,0 ,NRB
4.993 ,0 ,35.8 ,3 ,1.133 ,0 ,0 ,1 ,0 ,1 ,0 ,0 ,0 ,NRB
5.006 ,0 ,35.3 ,10 ,1.145 ,2 ,0 ,1 ,0 ,3 ,4 ,2 ,0 ,NRB
4.935 ,0 ,46.2 ,2 ,1.099 ,0 ,0 ,1 ,1 ,4 ,0 ,0 ,0 ,NRB
5.51 ,0 ,46.9 ,2 ,1.11 ,0 ,0 ,2 ,0 ,1 ,0 ,0 ,0 ,NRB
5.382 ,0 ,50 ,8 ,1.104 ,0 ,0 ,6 ,0 ,0 ,0 ,0 ,0 ,NRB
5.318 ,0 ,58.3 ,8 ,1.084 ,0 ,0 ,6 ,1 ,1 ,0 ,0 ,0 ,NRB
4.382 ,0 ,32.4 ,2 ,1.143 ,0 ,0 ,1 ,0 ,0 ,2 ,1 ,0 ,NRB
4.802 ,0 ,50 ,0 ,1.089 ,0 ,0 ,3 ,0 ,0 ,2 ,1 ,0 ,NRB
4.17 ,0 ,27.3 ,0 ,1.141 ,0 ,0 ,0 ,1 ,0 ,0 ,0 ,0 ,NRB
6.272 ,0 ,30.3 ,1 ,1.32 ,0 ,1 ,0 ,0 ,0 ,0 ,0 ,0 ,NRB
5.665 ,0 ,54.3 ,0 ,1.093 ,0 ,0 ,3 ,1 ,0 ,0 ,0 ,0 ,NRB
5.394 ,1 ,37 ,8 ,1.122 ,0 ,0 ,2 ,1 ,4 ,8 ,2 ,0 ,NRB
4.303 ,0 ,25 ,0 ,1.146 ,0 ,0 ,1 ,0 ,0 ,2 ,2 ,0 ,NRB
3.879 ,0 ,33.3 ,0 ,1.152 ,0 ,0 ,0 ,0 ,0 ,4 ,3 ,0 ,NRB
4.709 ,0 ,25 ,0 ,1.115 ,0 ,0 ,0 ,0 ,0 ,0 ,2 ,0 ,NRB
4.499 ,0 ,41.2 ,0 ,1.127 ,0 ,0 ,1 ,0 ,1 ,2 ,1 ,0 ,NRB
4.9 ,0 ,40.9 ,2 ,1.127 ,0 ,0 ,1 ,0 ,1 ,3 ,1 ,0 ,NRB
4.813 ,0 ,38.9 ,6 ,1.132 ,1 ,0 ,1 ,0 ,2 ,2 ,1 ,0 ,NRB
4.562 ,0 ,46.2 ,2 ,1.108 ,0 ,0 ,1 ,1 ,2 ,0 ,0 ,0 ,NRB
5.003 ,0 ,52.4 ,0 ,1.099 ,0 ,0 ,3 ,0 ,0 ,0 ,0 ,0 ,NRB
4.802 ,2 ,42.9 ,0 ,1.136 ,0 ,0 ,3 ,0 ,0 ,6 ,3 ,0 ,NRB
5.69 ,0 ,48.4 ,5 ,1.113 ,0 ,0 ,3 ,0 ,0 ,4 ,2 ,0 ,NRB
6.242 ,0 ,30 ,0 ,1.377 ,0 ,3 ,0 ,0 ,0 ,3 ,1 ,0 ,NRB
4.228 ,0 ,26.3 ,0 ,1.153 ,0 ,0 ,0 ,0 ,0 ,0 ,0 ,0 ,NRB
5.13 ,0 ,32.1 ,1 ,1.141 ,0 ,0 ,0 ,0 ,0 ,0 ,0 ,0 ,NRB
4.303 ,0 ,15.4 ,4 ,1.155 ,0 ,0 ,0 ,0 ,0 ,0 ,0 ,0 ,NRB
5.262 ,0 ,28.3 ,12 ,1.144 ,0 ,0 ,0 ,0 ,0 ,0 ,0 ,0 ,NRB
6.253 ,0 ,30.8 ,2 ,1.34 ,0 ,1 ,0 ,0 ,0 ,0 ,0 ,0 ,NRB
4.562 ,0 ,37.5 ,0 ,1.14 ,0 ,0 ,1 ,0 ,2 ,4 ,2 ,0 ,NRB
5.388 ,0 ,39.3 ,4 ,1.126 ,0 ,0 ,1 ,0 ,1 ,0 ,0 ,0 ,NRB
4.807 ,0 ,43.8 ,2 ,1.113 ,0 ,0 ,1 ,1 ,2 ,0 ,0 ,0 ,NRB
4.607 ,0 ,41.2 ,2 ,1.105 ,0 ,0 ,1 ,0 ,2 ,0 ,0 ,0 ,NRB
5.103 ,0 ,35 ,11 ,1.144 ,2 ,0 ,1 ,0 ,3 ,4 ,2 ,0 ,NRB
